candidate_id,source_id,review_status,selected_by,reviewed_at,target_usage,rejection_reason,notes
CAND-R5-MM-001,SRC-R5-MM-001,pending_review,,,minimap_mapoverlay,,runtime_import_status=not_ready;interface_level=A
CAND-R5-MM-002,SRC-R5-MM-002,pending_review,,,minimap_mapoverlay,,runtime_import_status=not_ready;interface_level=A
CAND-R5-MM-003,SRC-R5-MM-003,pending_review,,,minimap_mapoverlay,,runtime_import_status=not_ready;interface_level=A
CAND-R5-MM-004,SRC-R5-MM-004,pending_review,,,minimap_mapoverlay,,runtime_import_status=not_ready;interface_level=A
CAND-R5-MM-005,SRC-R5-MM-005,pending_review,,,minimap_mapoverlay,,runtime_import_status=not_ready;interface_level=A
CAND-R5-MM-006,SRC-R5-MM-006,pending_review,,,minimap_mapoverlay,,runtime_import_status=not_ready;interface_level=A
CAND-R5-MM-007,SRC-R5-MM-007,pending_review,,,minimap_mapoverlay,,runtime_import_status=not_ready;interface_level=A
CAND-R5-MM-008,SRC-R5-MM-008,pending_review,,,minimap_mapoverlay,,runtime_import_status=not_ready;interface_level=A
CAND-R5-MM-009,SRC-R5-MM-009,pending_review,,,minimap_mapoverlay,,runtime_import_status=not_ready;interface_level=A
CAND-R5-MM-010,SRC-R5-MM-010,pending_review,,,minimap_mapoverlay,,runtime_import_status=not_ready;interface_level=A
CAND-R5-MM-011,SRC-R5-MM-011,pending_review,,,minimap_mapoverlay,,runtime_import_status=not_ready;interface_level=A
CAND-R5-MM-012,SRC-R5-MM-012,pending_review,,,minimap_mapoverlay,,runtime_import_status=not_ready;interface_level=A
CAND-R5-MM-013,SRC-R5-MM-013,pending_review,,,minimap_mapoverlay,,runtime_import_status=not_ready;interface_level=A
CAND-R5-MM-014,SRC-R5-MM-014,pending_review,,,minimap_mapoverlay,,runtime_import_status=not_ready;interface_level=A
CAND-R5-RB-001,SRC-R5-RB-001,pending_review,,,room_background,,runtime_import_status=not_ready;interface_level=A
CAND-R5-RP-001,SRC-R5-RP-001,pending_review,,,room_prop,,runtime_import_status=not_ready;interface_level=A
CAND-R5-RP-002,SRC-R5-RP-002,pending_review,,,room_prop,,runtime_import_status=not_ready;interface_level=A
CAND-R5-RP-003,SRC-R5-RP-003,pending_review,,,room_prop,,runtime_import_status=not_ready;interface_level=A
CAND-R5-RP-004,SRC-R5-RP-004,pending_review,,,room_prop,,runtime_import_status=not_ready;interface_level=A
CAND-R5-RP-005,SRC-R5-RP-005,pending_review,,,room_prop,,runtime_import_status=not_ready;interface_level=A
CAND-R5-RP-006,SRC-R5-RP-006,pending_review,,,room_prop,,runtime_import_status=not_ready;interface_level=A
CAND-R5-RP-007,SRC-R5-RP-007,pending_review,,,room_prop,,runtime_import_status=not_ready;interface_level=A
CAND-R5-RP-008,SRC-R5-RP-008,pending_review,,,room_prop,,runtime_import_status=not_ready;interface_level=A
CAND-R5-PL-001,SRC-R5-PL-001,pending_review,,,player_idle_facing,,runtime_import_status=not_ready;interface_level=A
CAND-R5-PL-002,SRC-R5-PL-002,pending_review,,,player_idle_facing,,runtime_import_status=not_ready;interface_level=A
CAND-R5-PL-003,SRC-R5-PL-003,pending_review,,,player_idle_facing,,runtime_import_status=not_ready;interface_level=A
CAND-R5-PL-004,SRC-R5-PL-004,pending_review,,,player_idle_facing,,runtime_import_status=not_ready;interface_level=A
CAND-R5-UI-001,SRC-R5-UI-001,pending_review,,,common_ui_resource_icon,,runtime_import_status=not_ready;interface_level=B
CAND-R5-UI-002,SRC-R5-UI-002,pending_review,,,common_ui_resource_icon,,runtime_import_status=not_ready;interface_level=B
CAND-R5-UI-003,SRC-R5-UI-003,pending_review,,,common_ui_resource_icon,,runtime_import_status=not_ready;interface_level=B
CAND-R5-UI-004,SRC-R5-UI-004,pending_review,,,common_ui_resource_icon,,runtime_import_status=not_ready;interface_level=B
CAND-R5-UI-005,SRC-R5-UI-005,pending_review,,,common_ui_resource_icon,,runtime_import_status=not_ready;interface_level=B
CAND-R5-UI-006,SRC-R5-UI-006,pending_review,,,common_ui_resource_icon,,runtime_import_status=not_ready;interface_level=B
CAND-R5-UI-007,SRC-R5-UI-007,pending_review,,,common_ui_resource_icon,,runtime_import_status=not_ready;interface_level=B
CAND-R5-UI-008,SRC-R5-UI-008,pending_review,,,common_ui_resource_icon,,runtime_import_status=not_ready;interface_level=B
CAND-R5-MK-001,SRC-R5-MK-001,pending_review,,,marker,,runtime_import_status=not_ready;interface_level=A
CAND-R5-MK-002,SRC-R5-MK-002,pending_review,,,marker,,runtime_import_status=not_ready;interface_level=A
CAND-R5-MK-003,SRC-R5-MK-003,pending_review,,,marker,,runtime_import_status=not_ready;interface_level=A
CAND-R5-MK-004,SRC-R5-MK-004,pending_review,,,marker,,runtime_import_status=not_ready;interface_level=A
CAND-R5-MK-005,SRC-R5-MK-005,pending_review,,,marker,,runtime_import_status=not_ready;interface_level=A
CAND-R5-MK-006,SRC-R5-MK-006,pending_review,,,marker,,runtime_import_status=not_ready;interface_level=A
CAND-STG-ART07-0001,SRC-STG-ART07-0001,pending_review,,,source_selected,,source_sha256=98C44F105FDD348CA0042E5A3ED58B518F817B764A5ACCD98B81AA57AA29E391;staged_sha256=98C44F105FDD348CA0042E5A3ED58B518F817B764A5ACCD98B81AA57AA29E391;staged_path=D:\AGAME1\Base Art\03_selected\draw_30_game_ready\map_icon\map_icon_chest.png;role=source_selected;runtime_import_status=not_ready;art_stage=ART07;copy_action=copied
CAND-STG-ART07-0002,SRC-STG-ART07-0002,pending_review,,,runtime_candidate,,source_sha256=98C44F105FDD348CA0042E5A3ED58B518F817B764A5ACCD98B81AA57AA29E391;staged_sha256=98C44F105FDD348CA0042E5A3ED58B518F817B764A5ACCD98B81AA57AA29E391;staged_path=D:\AGAME1\Base Art\05_export_runtime_candidates\art07_first_batch\map_icon\map_icon_chest.png;role=runtime_candidate;runtime_import_status=not_ready;art_stage=ART07;copy_action=copied
CAND-STG-ART07-0003,SRC-STG-ART07-0003,pending_review,,,source_selected,,source_sha256=3DB476901205887CC3025E52B91C9599404D60C2E19E140F5FC87F6AFFE2F80C;staged_sha256=3DB476901205887CC3025E52B91C9599404D60C2E19E140F5FC87F6AFFE2F80C;staged_path=D:\AGAME1\Base Art\03_selected\draw_30_game_ready\map_icon\map_icon_event.png;role=source_selected;runtime_import_status=not_ready;art_stage=ART07;copy_action=copied
CAND-STG-ART07-0004,SRC-STG-ART07-0004,pending_review,,,runtime_candidate,,source_sha256=3DB476901205887CC3025E52B91C9599404D60C2E19E140F5FC87F6AFFE2F80C;staged_sha256=3DB476901205887CC3025E52B91C9599404D60C2E19E140F5FC87F6AFFE2F80C;staged_path=D:\AGAME1\Base Art\05_export_runtime_candidates\art07_first_batch\map_icon\map_icon_event.png;role=runtime_candidate;runtime_import_status=not_ready;art_stage=ART07;copy_action=copied
CAND-STG-ART07-0005,SRC-STG-ART07-0005,pending_review,,,source_selected,,source_sha256=17AAA6F9A694B27CB8962AAC8339C6558D1B7D1F455E1872567FA24283A0851B;staged_sha256=17AAA6F9A694B27CB8962AAC8339C6558D1B7D1F455E1872567FA24283A0851B;staged_path=D:\AGAME1\Base Art\03_selected\draw_30_game_ready\map_icon\map_icon_exit.png;role=source_selected;runtime_import_status=not_ready;art_stage=ART07;copy_action=copied
CAND-STG-ART07-0006,SRC-STG-ART07-0006,pending_review,,,runtime_candidate,,source_sha256=17AAA6F9A694B27CB8962AAC8339C6558D1B7D1F455E1872567FA24283A0851B;staged_sha256=17AAA6F9A694B27CB8962AAC8339C6558D1B7D1F455E1872567FA24283A0851B;staged_path=D:\AGAME1\Base Art\05_export_runtime_candidates\art07_first_batch\map_icon\map_icon_exit.png;role=runtime_candidate;runtime_import_status=not_ready;art_stage=ART07;copy_action=copied
CAND-STG-ART07-0007,SRC-STG-ART07-0007,pending_review,,,source_selected,,source_sha256=EE5C05ED66F66173A241B5CFC470458AE0C983265CEE2E9C2445CDE83AD84A25;staged_sha256=EE5C05ED66F66173A241B5CFC470458AE0C983265CEE2E9C2445CDE83AD84A25;staged_path=D:\AGAME1\Base Art\03_selected\draw_30_game_ready\map_icon\map_icon_marker_flag.png;role=source_selected;runtime_import_status=not_ready;art_stage=ART07;copy_action=copied
CAND-STG-ART07-0008,SRC-STG-ART07-0008,pending_review,,,runtime_candidate,,source_sha256=EE5C05ED66F66173A241B5CFC470458AE0C983265CEE2E9C2445CDE83AD84A25;staged_sha256=EE5C05ED66F66173A241B5CFC470458AE0C983265CEE2E9C2445CDE83AD84A25;staged_path=D:\AGAME1\Base Art\05_export_runtime_candidates\art07_first_batch\map_icon\map_icon_marker_flag.png;role=runtime_candidate;runtime_import_status=not_ready;art_stage=ART07;copy_action=copied
CAND-STG-ART07-0009,SRC-STG-ART07-0009,pending_review,,,source_selected,,source_sha256=E569A257B1F77436468466A15D66856BA01477B7A90EDA433942B4B536354BBC;staged_sha256=E569A257B1F77436468466A15D66856BA01477B7A90EDA433942B4B536354BBC;staged_path=D:\AGAME1\Base Art\03_selected\draw_30_game_ready\map_icon\map_icon_mine.png;role=source_selected;runtime_import_status=not_ready;art_stage=ART07;copy_action=copied
CAND-STG-ART07-0010,SRC-STG-ART07-0010,pending_review,,,runtime_candidate,,source_sha256=E569A257B1F77436468466A15D66856BA01477B7A90EDA433942B4B536354BBC;staged_sha256=E569A257B1F77436468466A15D66856BA01477B7A90EDA433942B4B536354BBC;staged_path=D:\AGAME1\Base Art\05_export_runtime_candidates\art07_first_batch\map_icon\map_icon_mine.png;role=runtime_candidate;runtime_import_status=not_ready;art_stage=ART07;copy_action=copied
CAND-STG-ART07-0011,SRC-STG-ART07-0011,pending_review,,,source_selected,,source_sha256=D3612A9B24102986B2E9A52E2F9929F9D854EEE95DC0F0D50DB9864093B4F165;staged_sha256=D3612A9B24102986B2E9A52E2F9929F9D854EEE95DC0F0D50DB9864093B4F165;staged_path=D:\AGAME1\Base Art\03_selected\draw_30_game_ready\map_icon\map_icon_monster.png;role=source_selected;runtime_import_status=not_ready;art_stage=ART07;copy_action=copied
CAND-STG-ART07-0012,SRC-STG-ART07-0012,pending_review,,,runtime_candidate,,source_sha256=D3612A9B24102986B2E9A52E2F9929F9D854EEE95DC0F0D50DB9864093B4F165;staged_sha256=D3612A9B24102986B2E9A52E2F9929F9D854EEE95DC0F0D50DB9864093B4F165;staged_path=D:\AGAME1\Base Art\05_export_runtime_candidates\art07_first_batch\map_icon\map_icon_monster.png;role=runtime_candidate;runtime_import_status=not_ready;art_stage=ART07;copy_action=copied
CAND-STG-ART07-0013,SRC-STG-ART07-0013,pending_review,,,source_selected,,source_sha256=00276660501B46B6C4C099D994F3D9A74904C76A33EF99E92209713DECDF22CA;staged_sha256=00276660501B46B6C4C099D994F3D9A74904C76A33EF99E92209713DECDF22CA;staged_path=D:\AGAME1\Base Art\03_selected\draw_30_game_ready\map_tile_icon\map_tile_explored.png;role=source_selected;runtime_import_status=not_ready;art_stage=ART07;copy_action=copied
CAND-STG-ART07-0014,SRC-STG-ART07-0014,pending_review,,,runtime_candidate,,source_sha256=00276660501B46B6C4C099D994F3D9A74904C76A33EF99E92209713DECDF22CA;staged_sha256=00276660501B46B6C4C099D994F3D9A74904C76A33EF99E92209713DECDF22CA;staged_path=D:\AGAME1\Base Art\05_export_runtime_candidates\art07_first_batch\map_tile_icon\map_tile_explored.png;role=runtime_candidate;runtime_import_status=not_ready;art_stage=ART07;copy_action=copied
CAND-STG-ART07-0015,SRC-STG-ART07-0015,pending_review,,,source_selected,,source_sha256=C77D134EB35289CED75E0F14FB997C7005A1ADF005DA75E6E141A68C39937F79;staged_sha256=C77D134EB35289CED75E0F14FB997C7005A1ADF005DA75E6E141A68C39937F79;staged_path=D:\AGAME1\Base Art\03_selected\draw_30_game_ready\map_tile_icon\map_tile_scanned.png;role=source_selected;runtime_import_status=not_ready;art_stage=ART07;copy_action=copied
CAND-STG-ART07-0016,SRC-STG-ART07-0016,pending_review,,,runtime_candidate,,source_sha256=C77D134EB35289CED75E0F14FB997C7005A1ADF005DA75E6E141A68C39937F79;staged_sha256=C77D134EB35289CED75E0F14FB997C7005A1ADF005DA75E6E141A68C39937F79;staged_path=D:\AGAME1\Base Art\05_export_runtime_candidates\art07_first_batch\map_tile_icon\map_tile_scanned.png;role=runtime_candidate;runtime_import_status=not_ready;art_stage=ART07;copy_action=copied
CAND-STG-ART07-0017,SRC-STG-ART07-0017,pending_review,,,source_selected,,source_sha256=B937168633B65D1B74F83CEDF9FC0F6EB859939D3A5AB4FD6762D5501A96EBED;staged_sha256=B937168633B65D1B74F83CEDF9FC0F6EB859939D3A5AB4FD6762D5501A96EBED;staged_path=D:\AGAME1\Base Art\03_selected\draw_30_game_ready\map_tile_icon\map_tile_unknown.png;role=source_selected;runtime_import_status=not_ready;art_stage=ART07;copy_action=copied
CAND-STG-ART07-0018,SRC-STG-ART07-0018,pending_review,,,runtime_candidate,,source_sha256=B937168633B65D1B74F83CEDF9FC0F6EB859939D3A5AB4FD6762D5501A96EBED;staged_sha256=B937168633B65D1B74F83CEDF9FC0F6EB859939D3A5AB4FD6762D5501A96EBED;staged_path=D:\AGAME1\Base Art\05_export_runtime_candidates\art07_first_batch\map_tile_icon\map_tile_unknown.png;role=runtime_candidate;runtime_import_status=not_ready;art_stage=ART07;copy_action=copied
CAND-STG-ART07-0019,SRC-STG-ART07-0019,pending_review,,,source_selected,,source_sha256=819C31BC1070AC5C9832EEA32605584BC6D835ED952A40371AEC308F2379455A;staged_sha256=819C31BC1070AC5C9832EEA32605584BC6D835ED952A40371AEC308F2379455A;staged_path=D:\AGAME1\Base Art\03_selected\draw_30_game_ready\ui_key_prompt\ui_key_e.png;role=source_selected;runtime_import_status=not_ready;art_stage=ART07;copy_action=copied
CAND-STG-ART07-0020,SRC-STG-ART07-0020,pending_review,,,runtime_candidate,,source_sha256=819C31BC1070AC5C9832EEA32605584BC6D835ED952A40371AEC308F2379455A;staged_sha256=819C31BC1070AC5C9832EEA32605584BC6D835ED952A40371AEC308F2379455A;staged_path=D:\AGAME1\Base Art\05_export_runtime_candidates\art07_first_batch\ui_key_prompt\ui_key_e.png;role=runtime_candidate;runtime_import_status=not_ready;art_stage=ART07;copy_action=copied
CAND-STG-ART07-0021,SRC-STG-ART07-0021,pending_review,,,source_selected,,source_sha256=9A9A580FE1A1FB7268A905FA1E04B12576048D1D963CBB02F097E41B821E4EAB;staged_sha256=9A9A580FE1A1FB7268A905FA1E04B12576048D1D963CBB02F097E41B821E4EAB;staged_path=D:\AGAME1\Base Art\03_selected\draw_30_game_ready\ui_key_prompt\ui_key_esc.png;role=source_selected;runtime_import_status=not_ready;art_stage=ART07;copy_action=copied
CAND-STG-ART07-0022,SRC-STG-ART07-0022,pending_review,,,runtime_candidate,,source_sha256=9A9A580FE1A1FB7268A905FA1E04B12576048D1D963CBB02F097E41B821E4EAB;staged_sha256=9A9A580FE1A1FB7268A905FA1E04B12576048D1D963CBB02F097E41B821E4EAB;staged_path=D:\AGAME1\Base Art\05_export_runtime_candidates\art07_first_batch\ui_key_prompt\ui_key_esc.png;role=runtime_candidate;runtime_import_status=not_ready;art_stage=ART07;copy_action=copied
CAND-STG-ART07-0023,SRC-STG-ART07-0023,pending_review,,,source_selected,,source_sha256=EC188529DC43CB042E9EAFF489FBDFDD4B300B046B066FC666D2C4878DF98D87;staged_sha256=EC188529DC43CB042E9EAFF489FBDFDD4B300B046B066FC666D2C4878DF98D87;staged_path=D:\AGAME1\Base Art\03_selected\draw_30_game_ready\ui_key_prompt\ui_key_f.png;role=source_selected;runtime_import_status=not_ready;art_stage=ART07;copy_action=copied
CAND-STG-ART07-0024,SRC-STG-ART07-0024,pending_review,,,runtime_candidate,,source_sha256=EC188529DC43CB042E9EAFF489FBDFDD4B300B046B066FC666D2C4878DF98D87;staged_sha256=EC188529DC43CB042E9EAFF489FBDFDD4B300B046B066FC666D2C4878DF98D87;staged_path=D:\AGAME1\Base Art\05_export_runtime_candidates\art07_first_batch\ui_key_prompt\ui_key_f.png;role=runtime_candidate;runtime_import_status=not_ready;art_stage=ART07;copy_action=copied
CAND-STG-ART07-0025,SRC-STG-ART07-0025,pending_review,,,source_selected,,source_sha256=18E737B8021ED01216132B95494A0CB7D83D71D006CC3C87AA83B103140F1FCD;staged_sha256=18E737B8021ED01216132B95494A0CB7D83D71D006CC3C87AA83B103140F1FCD;staged_path=D:\AGAME1\Base Art\03_selected\draw_30_game_ready\ui_key_prompt\ui_key_m.png;role=source_selected;runtime_import_status=not_ready;art_stage=ART07;copy_action=copied
CAND-STG-ART07-0026,SRC-STG-ART07-0026,pending_review,,,runtime_candidate,,source_sha256=18E737B8021ED01216132B95494A0CB7D83D71D006CC3C87AA83B103140F1FCD;staged_sha256=18E737B8021ED01216132B95494A0CB7D83D71D006CC3C87AA83B103140F1FCD;staged_path=D:\AGAME1\Base Art\05_export_runtime_candidates\art07_first_batch\ui_key_prompt\ui_key_m.png;role=runtime_candidate;runtime_import_status=not_ready;art_stage=ART07;copy_action=copied
CAND-STG-ART07-0027,SRC-STG-ART07-0027,pending_review,,,source_selected,,source_sha256=099706289B700AEBAF7B6B679E26B2D7D8414FD624B2C7673378629582A79682;staged_sha256=099706289B700AEBAF7B6B679E26B2D7D8414FD624B2C7673378629582A79682;staged_path=D:\AGAME1\Base Art\03_selected\draw_30_game_ready\ui_key_prompt\ui_key_q.png;role=source_selected;runtime_import_status=not_ready;art_stage=ART07;copy_action=copied
CAND-STG-ART07-0028,SRC-STG-ART07-0028,pending_review,,,runtime_candidate,,source_sha256=099706289B700AEBAF7B6B679E26B2D7D8414FD624B2C7673378629582A79682;staged_sha256=099706289B700AEBAF7B6B679E26B2D7D8414FD624B2C7673378629582A79682;staged_path=D:\AGAME1\Base Art\05_export_runtime_candidates\art07_first_batch\ui_key_prompt\ui_key_q.png;role=runtime_candidate;runtime_import_status=not_ready;art_stage=ART07;copy_action=copied
CAND-STG-ART07-0029,SRC-STG-ART07-0029,pending_review,,,source_selected,,source_sha256=49AC601D40A4E14B5F76E5906F573C444C0A6D36EACA013B60B1B74C81DD3D47;staged_sha256=49AC601D40A4E14B5F76E5906F573C444C0A6D36EACA013B60B1B74C81DD3D47;staged_path=D:\AGAME1\Base Art\03_selected\draw_30_game_ready\ui_key_prompt\ui_key_t.png;role=source_selected;runtime_import_status=not_ready;art_stage=ART07;copy_action=copied
CAND-STG-ART07-0030,SRC-STG-ART07-0030,pending_review,,,runtime_candidate,,source_sha256=49AC601D40A4E14B5F76E5906F573C444C0A6D36EACA013B60B1B74C81DD3D47;staged_sha256=49AC601D40A4E14B5F76E5906F573C444C0A6D36EACA013B60B1B74C81DD3D47;staged_path=D:\AGAME1\Base Art\05_export_runtime_candidates\art07_first_batch\ui_key_prompt\ui_key_t.png;role=runtime_candidate;runtime_import_status=not_ready;art_stage=ART07;copy_action=copied
CAND-STG-ART07-0031,SRC-STG-ART07-0031,pending_review,,,source_selected,,source_sha256=EC58BAE34F8CBD3612E8B9DC2326285126BA1CC34BD20246CF1BB78AC7AABB90;staged_sha256=EC58BAE34F8CBD3612E8B9DC2326285126BA1CC34BD20246CF1BB78AC7AABB90;staged_path=D:\AGAME1\Base Art\03_selected\draw_30_game_ready\item_consumable\item_consumable_medkit.png;role=source_selected;runtime_import_status=not_ready;art_stage=ART07;copy_action=copied
CAND-STG-ART07-0032,SRC-STG-ART07-0032,pending_review,,,runtime_candidate,,source_sha256=EC58BAE34F8CBD3612E8B9DC2326285126BA1CC34BD20246CF1BB78AC7AABB90;staged_sha256=EC58BAE34F8CBD3612E8B9DC2326285126BA1CC34BD20246CF1BB78AC7AABB90;staged_path=D:\AGAME1\Base Art\05_export_runtime_candidates\art07_first_batch\item_consumable\item_consumable_medkit.png;role=runtime_candidate;runtime_import_status=not_ready;art_stage=ART07;copy_action=copied
CAND-STG-ART07-0033,SRC-STG-ART07-0033,pending_review,,,source_selected,,source_sha256=1D103D257DFA58ADF097BE31493DC94906836857DF6431B6D42065EA61FCDB45;staged_sha256=1D103D257DFA58ADF097BE31493DC94906836857DF6431B6D42065EA61FCDB45;staged_path=D:\AGAME1\Base Art\03_selected\draw_30_game_ready\item_consumable\item_consumable_syringe.png;role=source_selected;runtime_import_status=not_ready;art_stage=ART07;copy_action=copied
CAND-STG-ART07-0034,SRC-STG-ART07-0034,pending_review,,,runtime_candidate,,source_sha256=1D103D257DFA58ADF097BE31493DC94906836857DF6431B6D42065EA61FCDB45;staged_sha256=1D103D257DFA58ADF097BE31493DC94906836857DF6431B6D42065EA61FCDB45;staged_path=D:\AGAME1\Base Art\05_export_runtime_candidates\art07_first_batch\item_consumable\item_consumable_syringe.png;role=runtime_candidate;runtime_import_status=not_ready;art_stage=ART07;copy_action=copied
CAND-STG-ART07-0035,SRC-STG-ART07-0035,pending_review,,,source_selected,,source_sha256=339826ACF7CEB1736B2A3D4B172022B0CD1ACE084AC49FEAA2DF65D5793C4A35;staged_sha256=339826ACF7CEB1736B2A3D4B172022B0CD1ACE084AC49FEAA2DF65D5793C4A35;staged_path=D:\AGAME1\Base Art\03_selected\draw_30_game_ready\item_equipment\item_equipment_flashlight.png;role=source_selected;runtime_import_status=not_ready;art_stage=ART07;copy_action=copied
CAND-STG-ART07-0036,SRC-STG-ART07-0036,pending_review,,,runtime_candidate,,source_sha256=339826ACF7CEB1736B2A3D4B172022B0CD1ACE084AC49FEAA2DF65D5793C4A35;staged_sha256=339826ACF7CEB1736B2A3D4B172022B0CD1ACE084AC49FEAA2DF65D5793C4A35;staged_path=D:\AGAME1\Base Art\05_export_runtime_candidates\art07_first_batch\item_equipment\item_equipment_flashlight.png;role=runtime_candidate;runtime_import_status=not_ready;art_stage=ART07;copy_action=copied
CAND-STG-ART07-0037,SRC-STG-ART07-0037,pending_review,,,source_selected,,source_sha256=24462587E2902253A8383BE61EDFA1EC3118A0FE4F1610840FD165309B80A335;staged_sha256=24462587E2902253A8383BE61EDFA1EC3118A0FE4F1610840FD165309B80A335;staged_path=D:\AGAME1\Base Art\03_selected\draw_30_game_ready\item_equipment\item_equipment_goggles.png;role=source_selected;runtime_import_status=not_ready;art_stage=ART07;copy_action=copied
CAND-STG-ART07-0038,SRC-STG-ART07-0038,pending_review,,,runtime_candidate,,source_sha256=24462587E2902253A8383BE61EDFA1EC3118A0FE4F1610840FD165309B80A335;staged_sha256=24462587E2902253A8383BE61EDFA1EC3118A0FE4F1610840FD165309B80A335;staged_path=D:\AGAME1\Base Art\05_export_runtime_candidates\art07_first_batch\item_equipment\item_equipment_goggles.png;role=runtime_candidate;runtime_import_status=not_ready;art_stage=ART07;copy_action=copied
CAND-STG-ART07-0039,SRC-STG-ART07-0039,pending_review,,,source_selected,,source_sha256=78860D8DC692B4D2A4F6B1F985AF885F34B478B315B121C849EA5BDACD85D574;staged_sha256=78860D8DC692B4D2A4F6B1F985AF885F34B478B315B121C849EA5BDACD85D574;staged_path=D:\AGAME1\Base Art\03_selected\draw_30_game_ready\item_recovered\item_recovered_ore.png;role=source_selected;runtime_import_status=not_ready;art_stage=ART07;copy_action=copied
CAND-STG-ART07-0040,SRC-STG-ART07-0040,pending_review,,,runtime_candidate,,source_sha256=78860D8DC692B4D2A4F6B1F985AF885F34B478B315B121C849EA5BDACD85D574;staged_sha256=78860D8DC692B4D2A4F6B1F985AF885F34B478B315B121C849EA5BDACD85D574;staged_path=D:\AGAME1\Base Art\05_export_runtime_candidates\art07_first_batch\item_recovered\item_recovered_ore.png;role=runtime_candidate;runtime_import_status=not_ready;art_stage=ART07;copy_action=copied
CAND-STG-ART07-0041,SRC-STG-ART07-0041,pending_review,,,source_selected,,source_sha256=99DCED078AC8D2DBE127689D8005715F2878185B14884355BCBC4F471FD06A1C;staged_sha256=99DCED078AC8D2DBE127689D8005715F2878185B14884355BCBC4F471FD06A1C;staged_path=D:\AGAME1\Base Art\03_selected\draw_30_game_ready\ui_button_blank\ui_button_blank_dark.png;role=source_selected;runtime_import_status=not_ready;art_stage=ART07;copy_action=copied
CAND-STG-ART07-0042,SRC-STG-ART07-0042,pending_review,,,runtime_candidate,,source_sha256=99DCED078AC8D2DBE127689D8005715F2878185B14884355BCBC4F471FD06A1C;staged_sha256=99DCED078AC8D2DBE127689D8005715F2878185B14884355BCBC4F471FD06A1C;staged_path=D:\AGAME1\Base Art\05_export_runtime_candidates\art07_first_batch\ui_button_blank\ui_button_blank_dark.png;role=runtime_candidate;runtime_import_status=not_ready;art_stage=ART07;copy_action=copied
CAND-STG-ART07-0043,SRC-STG-ART07-0043,pending_review,,,source_selected,,source_sha256=5426CBCF75284BDE97B98A0E1677C9E78F349DCC6C78224F8E6441343BD0A3E2;staged_sha256=5426CBCF75284BDE97B98A0E1677C9E78F349DCC6C78224F8E6441343BD0A3E2;staged_path=D:\AGAME1\Base Art\03_selected\draw_30_game_ready\ui_deploy_button\ui_button_back_main.png;role=source_selected;runtime_import_status=not_ready;art_stage=ART07;copy_action=copied
CAND-STG-ART07-0044,SRC-STG-ART07-0044,pending_review,,,runtime_candidate,,source_sha256=5426CBCF75284BDE97B98A0E1677C9E78F349DCC6C78224F8E6441343BD0A3E2;staged_sha256=5426CBCF75284BDE97B98A0E1677C9E78F349DCC6C78224F8E6441343BD0A3E2;staged_path=D:\AGAME1\Base Art\05_export_runtime_candidates\art07_first_batch\ui_deploy_button\ui_button_back_main.png;role=runtime_candidate;runtime_import_status=not_ready;art_stage=ART07;copy_action=copied
CAND-STG-ART07-0045,SRC-STG-ART07-0045,pending_review,,,source_selected,,source_sha256=E245F3D25671EAB9C11A437933FB7C8A8D79F5F2129962273AEDBB6A3E2D7873;staged_sha256=E245F3D25671EAB9C11A437933FB7C8A8D79F5F2129962273AEDBB6A3E2D7873;staged_path=D:\AGAME1\Base Art\03_selected\draw_30_game_ready\ui_deploy_button\ui_button_confirm_deploy_large.png;role=source_selected;runtime_import_status=not_ready;art_stage=ART07;copy_action=copied
CAND-STG-ART07-0046,SRC-STG-ART07-0046,pending_review,,,runtime_candidate,,source_sha256=E245F3D25671EAB9C11A437933FB7C8A8D79F5F2129962273AEDBB6A3E2D7873;staged_sha256=E245F3D25671EAB9C11A437933FB7C8A8D79F5F2129962273AEDBB6A3E2D7873;staged_path=D:\AGAME1\Base Art\05_export_runtime_candidates\art07_first_batch\ui_deploy_button\ui_button_confirm_deploy_large.png;role=runtime_candidate;runtime_import_status=not_ready;art_stage=ART07;copy_action=copied
CAND-STG-ART07-0047,SRC-STG-ART07-0047,pending_review,,,source_selected,,source_sha256=55B1B40BBC90B97A1C8FD6F0DAB23476EBCDB0E741748844A8D63F1670E0B74B;staged_sha256=55B1B40BBC90B97A1C8FD6F0DAB23476EBCDB0E741748844A8D63F1670E0B74B;staged_path=D:\AGAME1\Base Art\03_selected\draw_30_game_ready\ui_deploy_button\ui_button_nav_loadout.png;role=source_selected;runtime_import_status=not_ready;art_stage=ART07;copy_action=copied
CAND-STG-ART07-0048,SRC-STG-ART07-0048,pending_review,,,runtime_candidate,,source_sha256=55B1B40BBC90B97A1C8FD6F0DAB23476EBCDB0E741748844A8D63F1670E0B74B;staged_sha256=55B1B40BBC90B97A1C8FD6F0DAB23476EBCDB0E741748844A8D63F1670E0B74B;staged_path=D:\AGAME1\Base Art\05_export_runtime_candidates\art07_first_batch\ui_deploy_button\ui_button_nav_loadout.png;role=runtime_candidate;runtime_import_status=not_ready;art_stage=ART07;copy_action=copied
CAND-STG-ART07-0049,SRC-STG-ART07-0049,pending_review,,,source_selected,,source_sha256=578B1A0498EB34C117F45D78DE7A47DBFA604D2705B953E46940F4317302F02A;staged_sha256=578B1A0498EB34C117F45D78DE7A47DBFA604D2705B953E46940F4317302F02A;staged_path=D:\AGAME1\Base Art\03_selected\draw_30_game_ready\ui_deploy_button\ui_button_nav_recovery.png;role=source_selected;runtime_import_status=not_ready;art_stage=ART07;copy_action=copied
CAND-STG-ART07-0050,SRC-STG-ART07-0050,pending_review,,,runtime_candidate,,source_sha256=578B1A0498EB34C117F45D78DE7A47DBFA604D2705B953E46940F4317302F02A;staged_sha256=578B1A0498EB34C117F45D78DE7A47DBFA604D2705B953E46940F4317302F02A;staged_path=D:\AGAME1\Base Art\05_export_runtime_candidates\art07_first_batch\ui_deploy_button\ui_button_nav_recovery.png;role=runtime_candidate;runtime_import_status=not_ready;art_stage=ART07;copy_action=copied
CAND-STG-ART07-0051,SRC-STG-ART07-0051,pending_review,,,source_selected,,source_sha256=7C55CD1AE2789842C4D079A7B618E84A165AD72267612A3B8642037B3C1A4C8B;staged_sha256=7C55CD1AE2789842C4D079A7B618E84A165AD72267612A3B8642037B3C1A4C8B;staged_path=D:\AGAME1\Base Art\03_selected\draw_30_game_ready\ui_deploy_button\ui_button_nav_requisition.png;role=source_selected;runtime_import_status=not_ready;art_stage=ART07;copy_action=copied
CAND-STG-ART07-0052,SRC-STG-ART07-0052,pending_review,,,runtime_candidate,,source_sha256=7C55CD1AE2789842C4D079A7B618E84A165AD72267612A3B8642037B3C1A4C8B;staged_sha256=7C55CD1AE2789842C4D079A7B618E84A165AD72267612A3B8642037B3C1A4C8B;staged_path=D:\AGAME1\Base Art\05_export_runtime_candidates\art07_first_batch\ui_deploy_button\ui_button_nav_requisition.png;role=runtime_candidate;runtime_import_status=not_ready;art_stage=ART07;copy_action=copied
CAND-STG-ART07-0053,SRC-STG-ART07-0053,pending_review,,,source_selected,,source_sha256=E051CF0398847504F69B14E18C65430F81CD9FA50DF712352E85BA169D25BBA0;staged_sha256=E051CF0398847504F69B14E18C65430F81CD9FA50DF712352E85BA169D25BBA0;staged_path=D:\AGAME1\Base Art\03_selected\draw_30_game_ready\ui_deploy_button\ui_button_nav_talent_selected.png;role=source_selected;runtime_import_status=not_ready;art_stage=ART07;copy_action=copied
CAND-STG-ART07-0054,SRC-STG-ART07-0054,pending_review,,,runtime_candidate,,source_sha256=E051CF0398847504F69B14E18C65430F81CD9FA50DF712352E85BA169D25BBA0;staged_sha256=E051CF0398847504F69B14E18C65430F81CD9FA50DF712352E85BA169D25BBA0;staged_path=D:\AGAME1\Base Art\05_export_runtime_candidates\art07_first_batch\ui_deploy_button\ui_button_nav_talent_selected.png;role=runtime_candidate;runtime_import_status=not_ready;art_stage=ART07;copy_action=copied
CAND-STG-ART07-0055,SRC-STG-ART07-0055,pending_review,,,source_selected,,source_sha256=28EAA56504E1F7EA3136BE8AD7478357E03C4E6C28AEB27D67C011CCE416951E;staged_sha256=28EAA56504E1F7EA3136BE8AD7478357E03C4E6C28AEB27D67C011CCE416951E;staged_path=D:\AGAME1\Base Art\03_selected\draw_30_game_ready\ui_deploy_button\ui_button_nav_warehouse.png;role=source_selected;runtime_import_status=not_ready;art_stage=ART07;copy_action=copied
CAND-STG-ART07-0056,SRC-STG-ART07-0056,pending_review,,,runtime_candidate,,source_sha256=28EAA56504E1F7EA3136BE8AD7478357E03C4E6C28AEB27D67C011CCE416951E;staged_sha256=28EAA56504E1F7EA3136BE8AD7478357E03C4E6C28AEB27D67C011CCE416951E;staged_path=D:\AGAME1\Base Art\05_export_runtime_candidates\art07_first_batch\ui_deploy_button\ui_button_nav_warehouse.png;role=runtime_candidate;runtime_import_status=not_ready;art_stage=ART07;copy_action=copied
CAND-STG-ART07-0057,SRC-STG-ART07-0057,pending_review,,,source_selected,,source_sha256=8A70EF18582AA3D98BD6CA8E32D3790F2F169EA3F0EE43ACACC23F5A89471497;staged_sha256=8A70EF18582AA3D98BD6CA8E32D3790F2F169EA3F0EE43ACACC23F5A89471497;staged_path=D:\AGAME1\Base Art\03_selected\draw_30_game_ready\ui_deploy_button\ui_key_or_arrow_small_button.png;role=source_selected;runtime_import_status=not_ready;art_stage=ART07;copy_action=copied
CAND-STG-ART07-0058,SRC-STG-ART07-0058,pending_review,,,runtime_candidate,,source_sha256=8A70EF18582AA3D98BD6CA8E32D3790F2F169EA3F0EE43ACACC23F5A89471497;staged_sha256=8A70EF18582AA3D98BD6CA8E32D3790F2F169EA3F0EE43ACACC23F5A89471497;staged_path=D:\AGAME1\Base Art\05_export_runtime_candidates\art07_first_batch\ui_deploy_button\ui_key_or_arrow_small_button.png;role=runtime_candidate;runtime_import_status=not_ready;art_stage=ART07;copy_action=copied
CAND-STG-ART07-0059,SRC-STG-ART07-0059,pending_review,,,source_selected,,source_sha256=29F71E2E65B31F0D3C1F0B6775482351C4837148E4D1773FAC4CB35127DC58F4;staged_sha256=29F71E2E65B31F0D3C1F0B6775482351C4837148E4D1773FAC4CB35127DC58F4;staged_path=D:\AGAME1\Base Art\03_selected\draw_30_game_ready\ui_deploy_icon\ui_icon_armor.png;role=source_selected;runtime_import_status=not_ready;art_stage=ART07;copy_action=copied
CAND-STG-ART07-0060,SRC-STG-ART07-0060,pending_review,,,runtime_candidate,,source_sha256=29F71E2E65B31F0D3C1F0B6775482351C4837148E4D1773FAC4CB35127DC58F4;staged_sha256=29F71E2E65B31F0D3C1F0B6775482351C4837148E4D1773FAC4CB35127DC58F4;staged_path=D:\AGAME1\Base Art\05_export_runtime_candidates\art07_first_batch\ui_deploy_icon\ui_icon_armor.png;role=runtime_candidate;runtime_import_status=not_ready;art_stage=ART07;copy_action=copied
CAND-STG-ART07-0061,SRC-STG-ART07-0061,pending_review,,,source_selected,,source_sha256=B247A2ABA7509D1797376B95136A2D7155D13CC8470EE7233ACF450EFA5A7413;staged_sha256=B247A2ABA7509D1797376B95136A2D7155D13CC8470EE7233ACF450EFA5A7413;staged_path=D:\AGAME1\Base Art\03_selected\draw_30_game_ready\ui_deploy_icon\ui_icon_backpack.png;role=source_selected;runtime_import_status=not_ready;art_stage=ART07;copy_action=copied
CAND-STG-ART07-0062,SRC-STG-ART07-0062,pending_review,,,runtime_candidate,,source_sha256=B247A2ABA7509D1797376B95136A2D7155D13CC8470EE7233ACF450EFA5A7413;staged_sha256=B247A2ABA7509D1797376B95136A2D7155D13CC8470EE7233ACF450EFA5A7413;staged_path=D:\AGAME1\Base Art\05_export_runtime_candidates\art07_first_batch\ui_deploy_icon\ui_icon_backpack.png;role=runtime_candidate;runtime_import_status=not_ready;art_stage=ART07;copy_action=copied
CAND-STG-ART07-0063,SRC-STG-ART07-0063,pending_review,,,source_selected,,source_sha256=8E5B26EB543E59A1B7D09BCDCC74803D1674BA4D3487C7FB10EE131FA5C18FE9;staged_sha256=8E5B26EB543E59A1B7D09BCDCC74803D1674BA4D3487C7FB10EE131FA5C18FE9;staged_path=D:\AGAME1\Base Art\03_selected\draw_30_game_ready\ui_deploy_icon\ui_icon_bandage.png;role=source_selected;runtime_import_status=not_ready;art_stage=ART07;copy_action=copied
CAND-STG-ART07-0064,SRC-STG-ART07-0064,pending_review,,,runtime_candidate,,source_sha256=8E5B26EB543E59A1B7D09BCDCC74803D1674BA4D3487C7FB10EE131FA5C18FE9;staged_sha256=8E5B26EB543E59A1B7D09BCDCC74803D1674BA4D3487C7FB10EE131FA5C18FE9;staged_path=D:\AGAME1\Base Art\05_export_runtime_candidates\art07_first_batch\ui_deploy_icon\ui_icon_bandage.png;role=runtime_candidate;runtime_import_status=not_ready;art_stage=ART07;copy_action=copied
CAND-STG-ART07-0065,SRC-STG-ART07-0065,pending_review,,,source_selected,,source_sha256=016D4065BFBE7CA6406816F6BBA786C31F9D8CC2EACDD637A5257B822582E285;staged_sha256=016D4065BFBE7CA6406816F6BBA786C31F9D8CC2EACDD637A5257B822582E285;staged_path=D:\AGAME1\Base Art\03_selected\draw_30_game_ready\ui_deploy_icon\ui_icon_compass.png;role=source_selected;runtime_import_status=not_ready;art_stage=ART07;copy_action=copied
CAND-STG-ART07-0066,SRC-STG-ART07-0066,pending_review,,,runtime_candidate,,source_sha256=016D4065BFBE7CA6406816F6BBA786C31F9D8CC2EACDD637A5257B822582E285;staged_sha256=016D4065BFBE7CA6406816F6BBA786C31F9D8CC2EACDD637A5257B822582E285;staged_path=D:\AGAME1\Base Art\05_export_runtime_candidates\art07_first_batch\ui_deploy_icon\ui_icon_compass.png;role=runtime_candidate;runtime_import_status=not_ready;art_stage=ART07;copy_action=copied
CAND-STG-ART07-0067,SRC-STG-ART07-0067,pending_review,,,source_selected,,source_sha256=6A7B4D2BBC7A87236B11F52BEAA8568477428D86A288D987949EC11F1B5DD95D;staged_sha256=6A7B4D2BBC7A87236B11F52BEAA8568477428D86A288D987949EC11F1B5DD95D;staged_path=D:\AGAME1\Base Art\03_selected\draw_30_game_ready\ui_deploy_panel\ui_frame_highlight.png;role=source_selected;runtime_import_status=not_ready;art_stage=ART07;copy_action=copied
CAND-STG-ART07-0068,SRC-STG-ART07-0068,pending_review,,,runtime_candidate,,source_sha256=6A7B4D2BBC7A87236B11F52BEAA8568477428D86A288D987949EC11F1B5DD95D;staged_sha256=6A7B4D2BBC7A87236B11F52BEAA8568477428D86A288D987949EC11F1B5DD95D;staged_path=D:\AGAME1\Base Art\05_export_runtime_candidates\art07_first_batch\ui_deploy_panel\ui_frame_highlight.png;role=runtime_candidate;runtime_import_status=not_ready;art_stage=ART07;copy_action=copied
CAND-STG-ART07-0069,SRC-STG-ART07-0069,pending_review,,,source_selected,,source_sha256=222F475C981FA20063686E3BA1C203A46E04B9B2DBE6C6CDD1C4B5827E9EF525;staged_sha256=222F475C981FA20063686E3BA1C203A46E04B9B2DBE6C6CDD1C4B5827E9EF525;staged_path=D:\AGAME1\Base Art\03_selected\draw_30_game_ready\ui_deploy_panel\ui_panel_deploy_main_blank.png;role=source_selected;runtime_import_status=not_ready;art_stage=ART07;copy_action=copied
CAND-STG-ART07-0070,SRC-STG-ART07-0070,pending_review,,,runtime_candidate,,source_sha256=222F475C981FA20063686E3BA1C203A46E04B9B2DBE6C6CDD1C4B5827E9EF525;staged_sha256=222F475C981FA20063686E3BA1C203A46E04B9B2DBE6C6CDD1C4B5827E9EF525;staged_path=D:\AGAME1\Base Art\05_export_runtime_candidates\art07_first_batch\ui_deploy_panel\ui_panel_deploy_main_blank.png;role=runtime_candidate;runtime_import_status=not_ready;art_stage=ART07;copy_action=copied
CAND-STG-ART07-0071,SRC-STG-ART07-0071,pending_review,,,source_selected,,source_sha256=6893538A28D34001C2FFBF52DE811139936CAD2F24954A0588238A67DAEDFE75;staged_sha256=6893538A28D34001C2FFBF52DE811139936CAD2F24954A0588238A67DAEDFE75;staged_path=D:\AGAME1\Base Art\03_selected\draw_30_game_ready\ui_deploy_panel\ui_panel_deploy_summary_blank.png;role=source_selected;runtime_import_status=not_ready;art_stage=ART07;copy_action=copied
CAND-STG-ART07-0072,SRC-STG-ART07-0072,pending_review,,,runtime_candidate,,source_sha256=6893538A28D34001C2FFBF52DE811139936CAD2F24954A0588238A67DAEDFE75;staged_sha256=6893538A28D34001C2FFBF52DE811139936CAD2F24954A0588238A67DAEDFE75;staged_path=D:\AGAME1\Base Art\05_export_runtime_candidates\art07_first_batch\ui_deploy_panel\ui_panel_deploy_summary_blank.png;role=runtime_candidate;runtime_import_status=not_ready;art_stage=ART07;copy_action=copied
CAND-STG-ART07-0073,SRC-STG-ART07-0073,pending_review,,,source_selected,,source_sha256=4BB57AC94C797BE82FD9B03B1EB708D87E3FE6CD014AF898A059486DCA6EACBC;staged_sha256=4BB57AC94C797BE82FD9B03B1EB708D87E3FE6CD014AF898A059486DCA6EACBC;staged_path=D:\AGAME1\Base Art\03_selected\draw_30_game_ready\ui_panel\ui_panel_terminal_main.png;role=source_selected;runtime_import_status=not_ready;art_stage=ART07;copy_action=copied
CAND-STG-ART07-0074,SRC-STG-ART07-0074,pending_review,,,runtime_candidate,,source_sha256=4BB57AC94C797BE82FD9B03B1EB708D87E3FE6CD014AF898A059486DCA6EACBC;staged_sha256=4BB57AC94C797BE82FD9B03B1EB708D87E3FE6CD014AF898A059486DCA6EACBC;staged_path=D:\AGAME1\Base Art\05_export_runtime_candidates\art07_first_batch\ui_panel\ui_panel_terminal_main.png;role=runtime_candidate;runtime_import_status=not_ready;art_stage=ART07;copy_action=copied
CAND-STG-ART07-0075,SRC-STG-ART07-0075,pending_review,,,source_selected,,source_sha256=E6ED6B95506EF88CB28E54E4256737D5BEC22396F1B47B9863029E145962D08E;staged_sha256=E6ED6B95506EF88CB28E54E4256737D5BEC22396F1B47B9863029E145962D08E;staged_path=D:\AGAME1\Base Art\03_selected\draw_30_game_ready\ui\icons\jinbi_icon.png;role=source_selected;runtime_import_status=not_ready;art_stage=ART07;copy_action=copied
CAND-STG-ART07-0076,SRC-STG-ART07-0076,pending_review,,,runtime_candidate,,source_sha256=E6ED6B95506EF88CB28E54E4256737D5BEC22396F1B47B9863029E145962D08E;staged_sha256=E6ED6B95506EF88CB28E54E4256737D5BEC22396F1B47B9863029E145962D08E;staged_path=D:\AGAME1\Base Art\05_export_runtime_candidates\art07_first_batch\ui\icons\jinbi_icon.png;role=runtime_candidate;runtime_import_status=not_ready;art_stage=ART07;copy_action=copied
CAND-STG-ART07-0077,SRC-STG-ART07-0077,pending_review,,,source_selected,,source_sha256=2B1F1E10F40A7E125C8A056C9F03CA089CC7666587A6B803FA9354E9336AB3E8;staged_sha256=2B1F1E10F40A7E125C8A056C9F03CA089CC7666587A6B803FA9354E9336AB3E8;staged_path=D:\AGAME1\Base Art\03_selected\draw_30_game_ready\ui\icons\xuetiao_tianchong.png;role=source_selected;runtime_import_status=not_ready;art_stage=ART07;copy_action=copied
CAND-STG-ART07-0078,SRC-STG-ART07-0078,pending_review,,,runtime_candidate,,source_sha256=2B1F1E10F40A7E125C8A056C9F03CA089CC7666587A6B803FA9354E9336AB3E8;staged_sha256=2B1F1E10F40A7E125C8A056C9F03CA089CC7666587A6B803FA9354E9336AB3E8;staged_path=D:\AGAME1\Base Art\05_export_runtime_candidates\art07_first_batch\ui\icons\xuetiao_tianchong.png;role=runtime_candidate;runtime_import_status=not_ready;art_stage=ART07;copy_action=copied
CAND-STG-ART07-0079,SRC-STG-ART07-0079,pending_review,,,source_selected,,source_sha256=3A4D3445312B5611B7F9FA9066FBE7FB666C48A074579BE7D303003CC9C0180A;staged_sha256=3A4D3445312B5611B7F9FA9066FBE7FB666C48A074579BE7D303003CC9C0180A;staged_path=D:\AGAME1\Base Art\03_selected\draw_30_game_ready\props\00_baoxiang_kai.png;role=source_selected;runtime_import_status=not_ready;art_stage=ART07;copy_action=copied
CAND-STG-ART07-0080,SRC-STG-ART07-0080,pending_review,,,runtime_candidate,,source_sha256=3A4D3445312B5611B7F9FA9066FBE7FB666C48A074579BE7D303003CC9C0180A;staged_sha256=3A4D3445312B5611B7F9FA9066FBE7FB666C48A074579BE7D303003CC9C0180A;staged_path=D:\AGAME1\Base Art\05_export_runtime_candidates\art07_first_batch\props\00_baoxiang_kai.png;role=runtime_candidate;runtime_import_status=not_ready;art_stage=ART07;copy_action=copied
CAND-STG-ART07-0081,SRC-STG-ART07-0081,pending_review,,,source_selected,,source_sha256=FCE7959AE7A20F51707DC29AA16BD35448C26B1E11BE16A4B966E90B2E018F2A;staged_sha256=FCE7959AE7A20F51707DC29AA16BD35448C26B1E11BE16A4B966E90B2E018F2A;staged_path=D:\AGAME1\Base Art\03_selected\draw_30_game_ready\props\01_cheli_zhuangzhi_an.png;role=source_selected;runtime_import_status=not_ready;art_stage=ART07;copy_action=copied
CAND-STG-ART07-0082,SRC-STG-ART07-0082,pending_review,,,runtime_candidate,,source_sha256=FCE7959AE7A20F51707DC29AA16BD35448C26B1E11BE16A4B966E90B2E018F2A;staged_sha256=FCE7959AE7A20F51707DC29AA16BD35448C26B1E11BE16A4B966E90B2E018F2A;staged_path=D:\AGAME1\Base Art\05_export_runtime_candidates\art07_first_batch\props\01_cheli_zhuangzhi_an.png;role=runtime_candidate;runtime_import_status=not_ready;art_stage=ART07;copy_action=copied
CAND-STG-ART07-0083,SRC-STG-ART07-0083,pending_review,,,source_selected,,source_sha256=50B4239F76BF654686972C1D6D238F8481B29F7EAA6E0A99E3EBF1E1949146B2;staged_sha256=50B4239F76BF654686972C1D6D238F8481B29F7EAA6E0A99E3EBF1E1949146B2;staged_path=D:\AGAME1\Base Art\03_selected\draw_30_game_ready\props\02_cheli_zhuangzhi_liang.png;role=source_selected;runtime_import_status=not_ready;art_stage=ART07;copy_action=copied
CAND-STG-ART07-0084,SRC-STG-ART07-0084,pending_review,,,runtime_candidate,,source_sha256=50B4239F76BF654686972C1D6D238F8481B29F7EAA6E0A99E3EBF1E1949146B2;staged_sha256=50B4239F76BF654686972C1D6D238F8481B29F7EAA6E0A99E3EBF1E1949146B2;staged_path=D:\AGAME1\Base Art\05_export_runtime_candidates\art07_first_batch\props\02_cheli_zhuangzhi_liang.png;role=runtime_candidate;runtime_import_status=not_ready;art_stage=ART07;copy_action=copied
CAND-STG-ART07-0085,SRC-STG-ART07-0085,pending_review,,,source_selected,,source_sha256=541F72BFA7337FF4B8B23819C5A0188CB59881DAC1FA78307A532DBE66A0DDEE;staged_sha256=541F72BFA7337FF4B8B23819C5A0188CB59881DAC1FA78307A532DBE66A0DDEE;staged_path=D:\AGAME1\Base Art\03_selected\draw_30_game_ready\props\03_baoxiang_guan.png;role=source_selected;runtime_import_status=not_ready;art_stage=ART07;copy_action=copied
CAND-STG-ART07-0086,SRC-STG-ART07-0086,pending_review,,,runtime_candidate,,source_sha256=541F72BFA7337FF4B8B23819C5A0188CB59881DAC1FA78307A532DBE66A0DDEE;staged_sha256=541F72BFA7337FF4B8B23819C5A0188CB59881DAC1FA78307A532DBE66A0DDEE;staged_path=D:\AGAME1\Base Art\05_export_runtime_candidates\art07_first_batch\props\03_baoxiang_guan.png;role=runtime_candidate;runtime_import_status=not_ready;art_stage=ART07;copy_action=copied
CAND-STG-ART07-0087,SRC-STG-ART07-0087,pending_review,,,source_selected,,source_sha256=56C00AFD49CA374A53C9DC81A7E81883BD97CB0A995747C0108FD45D9B86C07F;staged_sha256=56C00AFD49CA374A53C9DC81A7E81883BD97CB0A995747C0108FD45D9B86C07F;staged_path=D:\AGAME1\Base Art\03_selected\draw_30_game_ready\props\04_shangren_tai.png;role=source_selected;runtime_import_status=not_ready;art_stage=ART07;copy_action=copied
CAND-STG-ART07-0088,SRC-STG-ART07-0088,pending_review,,,runtime_candidate,,source_sha256=56C00AFD49CA374A53C9DC81A7E81883BD97CB0A995747C0108FD45D9B86C07F;staged_sha256=56C00AFD49CA374A53C9DC81A7E81883BD97CB0A995747C0108FD45D9B86C07F;staged_path=D:\AGAME1\Base Art\05_export_runtime_candidates\art07_first_batch\props\04_shangren_tai.png;role=runtime_candidate;runtime_import_status=not_ready;art_stage=ART07;copy_action=copied
CAND-STG-ART07-0089,SRC-STG-ART07-0089,pending_review,,,source_selected,,source_sha256=1AF589B83403E204126CA1F7402158ACC183FB47CEC733B5FE75285505092908;staged_sha256=1AF589B83403E204126CA1F7402158ACC183FB47CEC733B5FE75285505092908;staged_path=D:\AGAME1\Base Art\03_selected\draw_30_game_ready\props\05_yichang_hexin.png;role=source_selected;runtime_import_status=not_ready;art_stage=ART07;copy_action=copied
CAND-STG-ART07-0090,SRC-STG-ART07-0090,pending_review,,,runtime_candidate,,source_sha256=1AF589B83403E204126CA1F7402158ACC183FB47CEC733B5FE75285505092908;staged_sha256=1AF589B83403E204126CA1F7402158ACC183FB47CEC733B5FE75285505092908;staged_path=D:\AGAME1\Base Art\05_export_runtime_candidates\art07_first_batch\props\05_yichang_hexin.png;role=runtime_candidate;runtime_import_status=not_ready;art_stage=ART07;copy_action=copied
CAND-STG-ART07-0091,SRC-STG-ART07-0091,pending_review,,,source_selected,,source_sha256=F2866600D71DE3658A955CD45002893F48087ECC23D5F4B970419C270D6E6DA5;staged_sha256=F2866600D71DE3658A955CD45002893F48087ECC23D5F4B970419C270D6E6DA5;staged_path=D:\AGAME1\Base Art\03_selected\draw_30_game_ready\props\06_dici_xianjing.png;role=source_selected;runtime_import_status=not_ready;art_stage=ART07;copy_action=copied
CAND-STG-ART07-0092,SRC-STG-ART07-0092,pending_review,,,runtime_candidate,,source_sha256=F2866600D71DE3658A955CD45002893F48087ECC23D5F4B970419C270D6E6DA5;staged_sha256=F2866600D71DE3658A955CD45002893F48087ECC23D5F4B970419C270D6E6DA5;staged_path=D:\AGAME1\Base Art\05_export_runtime_candidates\art07_first_batch\props\06_dici_xianjing.png;role=runtime_candidate;runtime_import_status=not_ready;art_stage=ART07;copy_action=copied
CAND-STG-ART07-0093,SRC-STG-ART07-0093,pending_review,,,source_selected,,source_sha256=609C73CDDC5300809CF78E8E341DF5F077916CC8983BC0847FBFC9006AB9B6A6;staged_sha256=609C73CDDC5300809CF78E8E341DF5F077916CC8983BC0847FBFC9006AB9B6A6;staged_path=D:\AGAME1\Base Art\03_selected\draw_30_game_ready\props\07_lingjian_dui.png;role=source_selected;runtime_import_status=not_ready;art_stage=ART07;copy_action=copied
CAND-STG-ART07-0094,SRC-STG-ART07-0094,pending_review,,,runtime_candidate,,source_sha256=609C73CDDC5300809CF78E8E341DF5F077916CC8983BC0847FBFC9006AB9B6A6;staged_sha256=609C73CDDC5300809CF78E8E341DF5F077916CC8983BC0847FBFC9006AB9B6A6;staged_path=D:\AGAME1\Base Art\05_export_runtime_candidates\art07_first_batch\props\07_lingjian_dui.png;role=runtime_candidate;runtime_import_status=not_ready;art_stage=ART07;copy_action=copied
CAND-STG-ART07-0095,SRC-STG-ART07-0095,pending_review,,,source_selected,,source_sha256=CFA8A370608EFB8C9BCCB747F143D06C45ECF19BC67AFB5A76E2F303047F3810;staged_sha256=CFA8A370608EFB8C9BCCB747F143D06C45ECF19BC67AFB5A76E2F303047F3810;staged_path=D:\AGAME1\Base Art\03_selected\draw_30_game_ready\props\08_saomiaoyi.png;role=source_selected;runtime_import_status=not_ready;art_stage=ART07;copy_action=copied
CAND-STG-ART07-0096,SRC-STG-ART07-0096,pending_review,,,runtime_candidate,,source_sha256=CFA8A370608EFB8C9BCCB747F143D06C45ECF19BC67AFB5A76E2F303047F3810;staged_sha256=CFA8A370608EFB8C9BCCB747F143D06C45ECF19BC67AFB5A76E2F303047F3810;staged_path=D:\AGAME1\Base Art\05_export_runtime_candidates\art07_first_batch\props\08_saomiaoyi.png;role=runtime_candidate;runtime_import_status=not_ready;art_stage=ART07;copy_action=copied
CAND-STG-ART07-0097,SRC-STG-ART07-0097,pending_review,,,source_selected,,source_sha256=57645A3955E0C3478C7135ADBE1D69209A0FF854F2C213B9B91485D1C2782E16;staged_sha256=57645A3955E0C3478C7135ADBE1D69209A0FF854F2C213B9B91485D1C2782E16;staged_path=D:\AGAME1\Base Art\03_selected\draw_30_game_ready\props\09_jinbi_dui.png;role=source_selected;runtime_import_status=not_ready;art_stage=ART07;copy_action=copied
CAND-STG-ART07-0098,SRC-STG-ART07-0098,pending_review,,,runtime_candidate,,source_sha256=57645A3955E0C3478C7135ADBE1D69209A0FF854F2C213B9B91485D1C2782E16;staged_sha256=57645A3955E0C3478C7135ADBE1D69209A0FF854F2C213B9B91485D1C2782E16;staged_path=D:\AGAME1\Base Art\05_export_runtime_candidates\art07_first_batch\props\09_jinbi_dui.png;role=runtime_candidate;runtime_import_status=not_ready;art_stage=ART07;copy_action=copied
CAND-STG-ART07-0099,SRC-STG-ART07-0099,pending_review,,,source_selected,,source_sha256=7CF0D291EAA59A94FCA3B321443B98D281FBDB33A1302C8B75E3AD0606F08D63;staged_sha256=7CF0D291EAA59A94FCA3B321443B98D281FBDB33A1302C8B75E3AD0606F08D63;staged_path=D:\AGAME1\Base Art\03_selected\draw_30_game_ready\props\10_yiliaobao.png;role=source_selected;runtime_import_status=not_ready;art_stage=ART07;copy_action=copied
CAND-STG-ART07-0100,SRC-STG-ART07-0100,pending_review,,,runtime_candidate,,source_sha256=7CF0D291EAA59A94FCA3B321443B98D281FBDB33A1302C8B75E3AD0606F08D63;staged_sha256=7CF0D291EAA59A94FCA3B321443B98D281FBDB33A1302C8B75E3AD0606F08D63;staged_path=D:\AGAME1\Base Art\05_export_runtime_candidates\art07_first_batch\props\10_yiliaobao.png;role=runtime_candidate;runtime_import_status=not_ready;art_stage=ART07;copy_action=copied
CAND-STG-ART07-0101,SRC-STG-ART07-0101,pending_review,,,source_selected,,source_sha256=6D2CF9DC683B69DF9CB9F428A764CB47F966987DFF426C27F8E8AAD72886BDDC;staged_sha256=6D2CF9DC683B69DF9CB9F428A764CB47F966987DFF426C27F8E8AAD72886BDDC;staged_path=D:\AGAME1\Base Art\03_selected\draw_30_game_ready\props\11_wuzi_xiang.png;role=source_selected;runtime_import_status=not_ready;art_stage=ART07;copy_action=copied
CAND-STG-ART07-0102,SRC-STG-ART07-0102,pending_review,,,runtime_candidate,,source_sha256=6D2CF9DC683B69DF9CB9F428A764CB47F966987DFF426C27F8E8AAD72886BDDC;staged_sha256=6D2CF9DC683B69DF9CB9F428A764CB47F966987DFF426C27F8E8AAD72886BDDC;staged_path=D:\AGAME1\Base Art\05_export_runtime_candidates\art07_first_batch\props\11_wuzi_xiang.png;role=runtime_candidate;runtime_import_status=not_ready;art_stage=ART07;copy_action=copied
CAND-STG-ART07-0103,SRC-STG-ART07-0103,pending_review,,,source_selected,,source_sha256=AC521358BBEFB53300C41E9B562D0610C707948DE891650B34CD037D572E4313;staged_sha256=AC521358BBEFB53300C41E9B562D0610C707948DE891650B34CD037D572E4313;staged_path=D:\AGAME1\Base Art\03_selected\draw_30_game_ready\main_menu\main_menu_bg_no_text.png;role=source_selected;runtime_import_status=not_ready;art_stage=ART07;copy_action=copied
CAND-STG-ART07-0104,SRC-STG-ART07-0104,pending_review,,,runtime_candidate,,source_sha256=AC521358BBEFB53300C41E9B562D0610C707948DE891650B34CD037D572E4313;staged_sha256=AC521358BBEFB53300C41E9B562D0610C707948DE891650B34CD037D572E4313;staged_path=D:\AGAME1\Base Art\05_export_runtime_candidates\art07_first_batch\main_menu\main_menu_bg_no_text.png;role=runtime_candidate;runtime_import_status=not_ready;art_stage=ART07;copy_action=copied
CAND-STG-ART07-0105,SRC-STG-ART07-0105,pending_review,,,animation_source,,source_sha256=9ABD2C9E3AF672B0E4D98F0F07F175C34A101C0FFF64F622819FB8EFE9B6B0C3;staged_sha256=9ABD2C9E3AF672B0E4D98F0F07F175C34A101C0FFF64F622819FB8EFE9B6B0C3;staged_path=D:\AGAME1\Base Art\06_animation_sources\art07_character_candidates\huanxiong\frames\00_front_idle.png;role=animation_source;runtime_import_status=not_ready;art_stage=ART07;copy_action=copied
CAND-STG-ART07-0106,SRC-STG-ART07-0106,pending_review,,,animation_source,,source_sha256=E9B055740834A3C1F30DF07A525E41E38F3AACD69414E0B8CC510F58F65D385A;staged_sha256=E9B055740834A3C1F30DF07A525E41E38F3AACD69414E0B8CC510F58F65D385A;staged_path=D:\AGAME1\Base Art\06_animation_sources\art07_character_candidates\huanxiong\frames\01_back_idle.png;role=animation_source;runtime_import_status=not_ready;art_stage=ART07;copy_action=copied
CAND-STG-ART07-0107,SRC-STG-ART07-0107,pending_review,,,animation_source,,source_sha256=9EB6DBF30086F33EBD582D5EFFE7B613C9CFD7B3A6E8D37F8F4F7A49A5C321E7;staged_sha256=9EB6DBF30086F33EBD582D5EFFE7B613C9CFD7B3A6E8D37F8F4F7A49A5C321E7;staged_path=D:\AGAME1\Base Art\06_animation_sources\art07_character_candidates\huanxiong\frames\02_left_idle.png;role=animation_source;runtime_import_status=not_ready;art_stage=ART07;copy_action=copied
CAND-STG-ART07-0108,SRC-STG-ART07-0108,pending_review,,,animation_source,,source_sha256=4681B50BE12E74713CDCA3EBDD08FCA4C00D391F08C934E80EEAF41D8E5CF019;staged_sha256=4681B50BE12E74713CDCA3EBDD08FCA4C00D391F08C934E80EEAF41D8E5CF019;staged_path=D:\AGAME1\Base Art\06_animation_sources\art07_character_candidates\huanxiong\frames\03_right_idle.png;role=animation_source;runtime_import_status=not_ready;art_stage=ART07;copy_action=copied
CAND-STG-ART07-0109,SRC-STG-ART07-0109,pending_review,,,animation_source,,source_sha256=6DEC59A712C863AF9FD06C7A92F6670FC4BE4C7EBE5BC40F8CD6D4A14AB29851;staged_sha256=6DEC59A712C863AF9FD06C7A92F6670FC4BE4C7EBE5BC40F8CD6D4A14AB29851;staged_path=D:\AGAME1\Base Art\06_animation_sources\art07_character_candidates\huanxiong\frames\04_front_walk_1.png;role=animation_source;runtime_import_status=not_ready;art_stage=ART07;copy_action=copied
CAND-STG-ART07-0110,SRC-STG-ART07-0110,pending_review,,,animation_source,,source_sha256=B40461C59F397F3BBC406ED8538E77AAB433021B4D9D8B396AF243B3B6D04149;staged_sha256=B40461C59F397F3BBC406ED8538E77AAB433021B4D9D8B396AF243B3B6D04149;staged_path=D:\AGAME1\Base Art\06_animation_sources\art07_character_candidates\huanxiong\frames\05_back_walk_1.png;role=animation_source;runtime_import_status=not_ready;art_stage=ART07;copy_action=copied
CAND-STG-ART07-0111,SRC-STG-ART07-0111,pending_review,,,animation_source,,source_sha256=2A0B18CA4B9868F9CA200872A924307B380445397BC4B454FF922B2109EBAB39;staged_sha256=2A0B18CA4B9868F9CA200872A924307B380445397BC4B454FF922B2109EBAB39;staged_path=D:\AGAME1\Base Art\06_animation_sources\art07_character_candidates\huanxiong\frames\06_left_walk_1.png;role=animation_source;runtime_import_status=not_ready;art_stage=ART07;copy_action=copied
CAND-STG-ART07-0112,SRC-STG-ART07-0112,pending_review,,,animation_source,,source_sha256=469AED55F996858072CA11BFCC6CDD470EAB5CAE7CE1F1025D09BA00CB368455;staged_sha256=469AED55F996858072CA11BFCC6CDD470EAB5CAE7CE1F1025D09BA00CB368455;staged_path=D:\AGAME1\Base Art\06_animation_sources\art07_character_candidates\huanxiong\frames\07_right_walk_1.png;role=animation_source;runtime_import_status=not_ready;art_stage=ART07;copy_action=copied
CAND-STG-ART07-0113,SRC-STG-ART07-0113,pending_review,,,animation_source,,source_sha256=4D26359EB19E56A52CCF494FFA5E335B521EC73A868A34F1111B9312BD34D56B;staged_sha256=4D26359EB19E56A52CCF494FFA5E335B521EC73A868A34F1111B9312BD34D56B;staged_path=D:\AGAME1\Base Art\06_animation_sources\art07_character_candidates\huanxiong\frames\08_front_walk_2.png;role=animation_source;runtime_import_status=not_ready;art_stage=ART07;copy_action=copied
CAND-STG-ART07-0114,SRC-STG-ART07-0114,pending_review,,,animation_source,,source_sha256=12474198BE522A7A4C31D9036F39E117AB803CA2597C34E662E991440B5C594C;staged_sha256=12474198BE522A7A4C31D9036F39E117AB803CA2597C34E662E991440B5C594C;staged_path=D:\AGAME1\Base Art\06_animation_sources\art07_character_candidates\huanxiong\frames\09_back_walk_2.png;role=animation_source;runtime_import_status=not_ready;art_stage=ART07;copy_action=copied
CAND-STG-ART07-0115,SRC-STG-ART07-0115,pending_review,,,animation_source,,source_sha256=78106A95C4DDF5B00C65AFACF377A7E7AD97ECA627415FE59AFF505F12104676;staged_sha256=78106A95C4DDF5B00C65AFACF377A7E7AD97ECA627415FE59AFF505F12104676;staged_path=D:\AGAME1\Base Art\06_animation_sources\art07_character_candidates\huanxiong\frames\10_left_walk_2.png;role=animation_source;runtime_import_status=not_ready;art_stage=ART07;copy_action=copied
CAND-STG-ART07-0116,SRC-STG-ART07-0116,pending_review,,,animation_source,,source_sha256=CCB99908443F06E0B36E8D9D8CD90ADA52196BDEF87B7FF1596697F37F5D6DF1;staged_sha256=CCB99908443F06E0B36E8D9D8CD90ADA52196BDEF87B7FF1596697F37F5D6DF1;staged_path=D:\AGAME1\Base Art\06_animation_sources\art07_character_candidates\huanxiong\frames\11_right_walk_2.png;role=animation_source;runtime_import_status=not_ready;art_stage=ART07;copy_action=copied
CAND-STG-ART07-0117,SRC-STG-ART07-0117,pending_review,,,sprite_sheet_source,,source_sha256=FD9F44BAEC60D4BEEB389CD3D99CD6E3F70BBA11F2B60C93FD4FC90AF5F1E83B;staged_sha256=FD9F44BAEC60D4BEEB389CD3D99CD6E3F70BBA11F2B60C93FD4FC90AF5F1E83B;staged_path=D:\AGAME1\Base Art\07_sprite_sheets\art07_character_candidates\huanxiong\huanxiong_sheet.png;role=sprite_sheet_source;runtime_import_status=not_ready;art_stage=ART07;copy_action=copied
CAND-STG-ART07-0118,SRC-STG-ART07-0118,pending_review,,,animation_source,,source_sha256=BE546A2106994AF26E2D8DA9E4D232AD76E5FC647DA7F34A53FF366D797A4243;staged_sha256=BE546A2106994AF26E2D8DA9E4D232AD76E5FC647DA7F34A53FF366D797A4243;staged_path=D:\AGAME1\Base Art\06_animation_sources\art07_character_candidates\huli\frames\00_front_idle.png;role=animation_source;runtime_import_status=not_ready;art_stage=ART07;copy_action=copied
CAND-STG-ART07-0119,SRC-STG-ART07-0119,pending_review,,,animation_source,,source_sha256=98B1132B2ED6805AF82D379880622399A1D8204C2620107CA1F0118F50EE0B19;staged_sha256=98B1132B2ED6805AF82D379880622399A1D8204C2620107CA1F0118F50EE0B19;staged_path=D:\AGAME1\Base Art\06_animation_sources\art07_character_candidates\huli\frames\01_back_idle.png;role=animation_source;runtime_import_status=not_ready;art_stage=ART07;copy_action=copied
CAND-STG-ART07-0120,SRC-STG-ART07-0120,pending_review,,,animation_source,,source_sha256=8CCA7D4F76923864573A1044AB64A7BE9A651105DA4871BA959556EE52DB6438;staged_sha256=8CCA7D4F76923864573A1044AB64A7BE9A651105DA4871BA959556EE52DB6438;staged_path=D:\AGAME1\Base Art\06_animation_sources\art07_character_candidates\huli\frames\02_left_idle.png;role=animation_source;runtime_import_status=not_ready;art_stage=ART07;copy_action=copied
CAND-STG-ART07-0121,SRC-STG-ART07-0121,pending_review,,,animation_source,,source_sha256=D9517D1F2B1676D7C7B33F7EAC1D686ED050AD9E0B73F4D8E3275259A9FB5980;staged_sha256=D9517D1F2B1676D7C7B33F7EAC1D686ED050AD9E0B73F4D8E3275259A9FB5980;staged_path=D:\AGAME1\Base Art\06_animation_sources\art07_character_candidates\huli\frames\03_right_idle.png;role=animation_source;runtime_import_status=not_ready;art_stage=ART07;copy_action=copied
CAND-STG-ART07-0122,SRC-STG-ART07-0122,pending_review,,,animation_source,,source_sha256=A92C61AD08D84C0DCC2D742DE725209B960071C897D82D05F7EDF830534D7787;staged_sha256=A92C61AD08D84C0DCC2D742DE725209B960071C897D82D05F7EDF830534D7787;staged_path=D:\AGAME1\Base Art\06_animation_sources\art07_character_candidates\huli\frames\04_front_walk_1.png;role=animation_source;runtime_import_status=not_ready;art_stage=ART07;copy_action=copied
CAND-STG-ART07-0123,SRC-STG-ART07-0123,pending_review,,,animation_source,,source_sha256=D97321CFB4D3007EE7876E7628246B8902582AEC22C58E81DF6220D4EB998F15;staged_sha256=D97321CFB4D3007EE7876E7628246B8902582AEC22C58E81DF6220D4EB998F15;staged_path=D:\AGAME1\Base Art\06_animation_sources\art07_character_candidates\huli\frames\05_back_walk_1.png;role=animation_source;runtime_import_status=not_ready;art_stage=ART07;copy_action=copied
CAND-STG-ART07-0124,SRC-STG-ART07-0124,pending_review,,,animation_source,,source_sha256=6F83ACB86E816753E3F9E8210EFB09A43184F629AD8D98C80844536D00498538;staged_sha256=6F83ACB86E816753E3F9E8210EFB09A43184F629AD8D98C80844536D00498538;staged_path=D:\AGAME1\Base Art\06_animation_sources\art07_character_candidates\huli\frames\06_left_walk_1.png;role=animation_source;runtime_import_status=not_ready;art_stage=ART07;copy_action=copied
CAND-STG-ART07-0125,SRC-STG-ART07-0125,pending_review,,,animation_source,,source_sha256=B53B94A746718D09125448E3A7F10A87FE88AF977AC2C537D046285266FAEB41;staged_sha256=B53B94A746718D09125448E3A7F10A87FE88AF977AC2C537D046285266FAEB41;staged_path=D:\AGAME1\Base Art\06_animation_sources\art07_character_candidates\huli\frames\07_right_walk_1.png;role=animation_source;runtime_import_status=not_ready;art_stage=ART07;copy_action=copied
CAND-STG-ART07-0126,SRC-STG-ART07-0126,pending_review,,,animation_source,,source_sha256=33C925C169926E7B3F6F6B912BBE5439F7CA16E0AAC835663FD92E8A838D194A;staged_sha256=33C925C169926E7B3F6F6B912BBE5439F7CA16E0AAC835663FD92E8A838D194A;staged_path=D:\AGAME1\Base Art\06_animation_sources\art07_character_candidates\huli\frames\08_front_walk_2.png;role=animation_source;runtime_import_status=not_ready;art_stage=ART07;copy_action=copied
CAND-STG-ART07-0127,SRC-STG-ART07-0127,pending_review,,,animation_source,,source_sha256=C38DD962BE94F967DB703F8CF59DB9A18C44CF21FE6BC256529AB75D3A236757;staged_sha256=C38DD962BE94F967DB703F8CF59DB9A18C44CF21FE6BC256529AB75D3A236757;staged_path=D:\AGAME1\Base Art\06_animation_sources\art07_character_candidates\huli\frames\09_back_walk_2.png;role=animation_source;runtime_import_status=not_ready;art_stage=ART07;copy_action=copied
CAND-STG-ART07-0128,SRC-STG-ART07-0128,pending_review,,,animation_source,,source_sha256=4F2D2826CF57611D0341665A58709ADCCB0E9A1DC2C1CB80EF7150EC58CB198B;staged_sha256=4F2D2826CF57611D0341665A58709ADCCB0E9A1DC2C1CB80EF7150EC58CB198B;staged_path=D:\AGAME1\Base Art\06_animation_sources\art07_character_candidates\huli\frames\10_left_walk_2.png;role=animation_source;runtime_import_status=not_ready;art_stage=ART07;copy_action=copied
CAND-STG-ART07-0129,SRC-STG-ART07-0129,pending_review,,,animation_source,,source_sha256=AA570BD1D0F49DA98CB9EDD161021636795CECB0EE9DBB00A2A6FAE4F3CBA717;staged_sha256=AA570BD1D0F49DA98CB9EDD161021636795CECB0EE9DBB00A2A6FAE4F3CBA717;staged_path=D:\AGAME1\Base Art\06_animation_sources\art07_character_candidates\huli\frames\11_right_walk_2.png;role=animation_source;runtime_import_status=not_ready;art_stage=ART07;copy_action=copied
CAND-STG-ART07-0130,SRC-STG-ART07-0130,pending_review,,,sprite_sheet_source,,source_sha256=D42ADC481A368547C84B2FA6DB36DCBDAAF9A85458202EB0FF71756480931B91;staged_sha256=D42ADC481A368547C84B2FA6DB36DCBDAAF9A85458202EB0FF71756480931B91;staged_path=D:\AGAME1\Base Art\07_sprite_sheets\art07_character_candidates\huli\huli_sheet.png;role=sprite_sheet_source;runtime_import_status=not_ready;art_stage=ART07;copy_action=copied
CAND-STG-ART07-0131,SRC-STG-ART07-0131,pending_review,,,animation_source,,source_sha256=145BA2DDB4A4E1F8C0869F40CF41694E65D858EABCB547A6C726854A1CDC37FD;staged_sha256=145BA2DDB4A4E1F8C0869F40CF41694E65D858EABCB547A6C726854A1CDC37FD;staged_path=D:\AGAME1\Base Art\06_animation_sources\art07_character_candidates\mao\frames\00_front_idle.png;role=animation_source;runtime_import_status=not_ready;art_stage=ART07;copy_action=copied
CAND-STG-ART07-0132,SRC-STG-ART07-0132,pending_review,,,animation_source,,source_sha256=4AE13C333B8E39E410AF5A0005D7709E5BCC4289F725109593599393373DD2D2;staged_sha256=4AE13C333B8E39E410AF5A0005D7709E5BCC4289F725109593599393373DD2D2;staged_path=D:\AGAME1\Base Art\06_animation_sources\art07_character_candidates\mao\frames\01_back_idle.png;role=animation_source;runtime_import_status=not_ready;art_stage=ART07;copy_action=copied
CAND-STG-ART07-0133,SRC-STG-ART07-0133,pending_review,,,animation_source,,source_sha256=2FE6687C3A1DF378CD2CFAD3BAF39A4D5126068113979EBCD385FB3C357F8DA8;staged_sha256=2FE6687C3A1DF378CD2CFAD3BAF39A4D5126068113979EBCD385FB3C357F8DA8;staged_path=D:\AGAME1\Base Art\06_animation_sources\art07_character_candidates\mao\frames\02_left_idle.png;role=animation_source;runtime_import_status=not_ready;art_stage=ART07;copy_action=copied
CAND-STG-ART07-0134,SRC-STG-ART07-0134,pending_review,,,animation_source,,source_sha256=83FB59E63D1E0E48C6EC9E11FCCB0F6050EA44FC9CC71C1A4F4202835078E0F2;staged_sha256=83FB59E63D1E0E48C6EC9E11FCCB0F6050EA44FC9CC71C1A4F4202835078E0F2;staged_path=D:\AGAME1\Base Art\06_animation_sources\art07_character_candidates\mao\frames\03_right_idle.png;role=animation_source;runtime_import_status=not_ready;art_stage=ART07;copy_action=copied
CAND-STG-ART07-0135,SRC-STG-ART07-0135,pending_review,,,animation_source,,source_sha256=A413697C19777B06FA4AB01552EDBADD0DA3376425BB1176572CD38DB6B0951D;staged_sha256=A413697C19777B06FA4AB01552EDBADD0DA3376425BB1176572CD38DB6B0951D;staged_path=D:\AGAME1\Base Art\06_animation_sources\art07_character_candidates\mao\frames\04_front_walk_1.png;role=animation_source;runtime_import_status=not_ready;art_stage=ART07;copy_action=copied
CAND-STG-ART07-0136,SRC-STG-ART07-0136,pending_review,,,animation_source,,source_sha256=03CB44E292793CE64EAE9A42E507704CAC91418D25ABAF4EBEF563E26C9437BC;staged_sha256=03CB44E292793CE64EAE9A42E507704CAC91418D25ABAF4EBEF563E26C9437BC;staged_path=D:\AGAME1\Base Art\06_animation_sources\art07_character_candidates\mao\frames\05_back_walk_1.png;role=animation_source;runtime_import_status=not_ready;art_stage=ART07;copy_action=copied
CAND-STG-ART07-0137,SRC-STG-ART07-0137,pending_review,,,animation_source,,source_sha256=BE3B4733049F501E709E0DC508D687359150FF7E2D4BA730937DA3F05B76290A;staged_sha256=BE3B4733049F501E709E0DC508D687359150FF7E2D4BA730937DA3F05B76290A;staged_path=D:\AGAME1\Base Art\06_animation_sources\art07_character_candidates\mao\frames\06_left_walk_1.png;role=animation_source;runtime_import_status=not_ready;art_stage=ART07;copy_action=copied
CAND-STG-ART07-0138,SRC-STG-ART07-0138,pending_review,,,animation_source,,source_sha256=63585E63BD4BFA250387545C54B274B332996820F52C260ADAC6C80FCA0B20FC;staged_sha256=63585E63BD4BFA250387545C54B274B332996820F52C260ADAC6C80FCA0B20FC;staged_path=D:\AGAME1\Base Art\06_animation_sources\art07_character_candidates\mao\frames\07_right_walk_1.png;role=animation_source;runtime_import_status=not_ready;art_stage=ART07;copy_action=copied
CAND-STG-ART07-0139,SRC-STG-ART07-0139,pending_review,,,animation_source,,source_sha256=1B8ECF7AE2E688B7F9C3313F324862E677DF99268DE3213C3007CB3382507D03;staged_sha256=1B8ECF7AE2E688B7F9C3313F324862E677DF99268DE3213C3007CB3382507D03;staged_path=D:\AGAME1\Base Art\06_animation_sources\art07_character_candidates\mao\frames\08_front_walk_2.png;role=animation_source;runtime_import_status=not_ready;art_stage=ART07;copy_action=copied
CAND-STG-ART07-0140,SRC-STG-ART07-0140,pending_review,,,animation_source,,source_sha256=2DCD2615FFB6CDD7D0802559C6E2CC75949856251ADF83501BA7C717AB466301;staged_sha256=2DCD2615FFB6CDD7D0802559C6E2CC75949856251ADF83501BA7C717AB466301;staged_path=D:\AGAME1\Base Art\06_animation_sources\art07_character_candidates\mao\frames\09_back_walk_2.png;role=animation_source;runtime_import_status=not_ready;art_stage=ART07;copy_action=copied
CAND-STG-ART07-0141,SRC-STG-ART07-0141,pending_review,,,animation_source,,source_sha256=6BFEDA6E74B6B95002ED60C40660298210F1887A71308ABDEA1E9C3F577D13D6;staged_sha256=6BFEDA6E74B6B95002ED60C40660298210F1887A71308ABDEA1E9C3F577D13D6;staged_path=D:\AGAME1\Base Art\06_animation_sources\art07_character_candidates\mao\frames\10_left_walk_2.png;role=animation_source;runtime_import_status=not_ready;art_stage=ART07;copy_action=copied
CAND-STG-ART07-0142,SRC-STG-ART07-0142,pending_review,,,animation_source,,source_sha256=BDD834DB4C9423E7522A82D2D3EE0E2F4EAAD58B54BB6F4A39AC58E7C519714D;staged_sha256=BDD834DB4C9423E7522A82D2D3EE0E2F4EAAD58B54BB6F4A39AC58E7C519714D;staged_path=D:\AGAME1\Base Art\06_animation_sources\art07_character_candidates\mao\frames\11_right_walk_2.png;role=animation_source;runtime_import_status=not_ready;art_stage=ART07;copy_action=copied
CAND-STG-ART07-0143,SRC-STG-ART07-0143,pending_review,,,sprite_sheet_source,,source_sha256=F9DDF13447DA0A7723B23D25776E7933D4C52D64EBE859ED0022EDA5EEB2893B;staged_sha256=F9DDF13447DA0A7723B23D25776E7933D4C52D64EBE859ED0022EDA5EEB2893B;staged_path=D:\AGAME1\Base Art\07_sprite_sheets\art07_character_candidates\mao\mao_sheet.png;role=sprite_sheet_source;runtime_import_status=not_ready;art_stage=ART07;copy_action=copied
CAND-STG-ART07-0144,SRC-STG-ART07-0144,pending_review,,,animation_source,,source_sha256=989C2586AFC3FBD0846B67CC285651C0F09C6C141F1B6F2D75019C2A8C89E565;staged_sha256=989C2586AFC3FBD0846B67CC285651C0F09C6C141F1B6F2D75019C2A8C89E565;staged_path=D:\AGAME1\Base Art\06_animation_sources\art07_character_candidates\tuzi\frames\00_front_idle.png;role=animation_source;runtime_import_status=not_ready;art_stage=ART07;copy_action=copied
CAND-STG-ART07-0145,SRC-STG-ART07-0145,pending_review,,,animation_source,,source_sha256=47B724F47932A1370FD3F961BC3710D4C4195864FE3A4805CD34B5978AB35F9B;staged_sha256=47B724F47932A1370FD3F961BC3710D4C4195864FE3A4805CD34B5978AB35F9B;staged_path=D:\AGAME1\Base Art\06_animation_sources\art07_character_candidates\tuzi\frames\01_back_idle.png;role=animation_source;runtime_import_status=not_ready;art_stage=ART07;copy_action=copied
CAND-STG-ART07-0146,SRC-STG-ART07-0146,pending_review,,,animation_source,,source_sha256=87DC591C293C5C610F82B1E7ACB7DA53E45B79A0D1BA56E1E807EFF98DD4B46B;staged_sha256=87DC591C293C5C610F82B1E7ACB7DA53E45B79A0D1BA56E1E807EFF98DD4B46B;staged_path=D:\AGAME1\Base Art\06_animation_sources\art07_character_candidates\tuzi\frames\02_left_idle.png;role=animation_source;runtime_import_status=not_ready;art_stage=ART07;copy_action=copied
CAND-STG-ART07-0147,SRC-STG-ART07-0147,pending_review,,,animation_source,,source_sha256=568BC36ABCBA7DD089184C42283E2C1A3A09FCB96D25A64631F48648A8FCE456;staged_sha256=568BC36ABCBA7DD089184C42283E2C1A3A09FCB96D25A64631F48648A8FCE456;staged_path=D:\AGAME1\Base Art\06_animation_sources\art07_character_candidates\tuzi\frames\03_right_idle.png;role=animation_source;runtime_import_status=not_ready;art_stage=ART07;copy_action=copied
CAND-STG-ART07-0148,SRC-STG-ART07-0148,pending_review,,,animation_source,,source_sha256=3152AE6376B3265C1F1DD56F11FA110802726DE770468195C6C7BCC3C64322DF;staged_sha256=3152AE6376B3265C1F1DD56F11FA110802726DE770468195C6C7BCC3C64322DF;staged_path=D:\AGAME1\Base Art\06_animation_sources\art07_character_candidates\tuzi\frames\04_front_walk_1.png;role=animation_source;runtime_import_status=not_ready;art_stage=ART07;copy_action=copied
CAND-STG-ART07-0149,SRC-STG-ART07-0149,pending_review,,,animation_source,,source_sha256=A2A1FC6F06FF272C692237019295CFA09D222D92B65C5C62E74EB3162553434C;staged_sha256=A2A1FC6F06FF272C692237019295CFA09D222D92B65C5C62E74EB3162553434C;staged_path=D:\AGAME1\Base Art\06_animation_sources\art07_character_candidates\tuzi\frames\05_back_walk_1.png;role=animation_source;runtime_import_status=not_ready;art_stage=ART07;copy_action=copied
CAND-STG-ART07-0150,SRC-STG-ART07-0150,pending_review,,,animation_source,,source_sha256=DF19586C37BD705794FBA4E36C0E1F643735B6500EDBF15E9B25E33135196AEA;staged_sha256=DF19586C37BD705794FBA4E36C0E1F643735B6500EDBF15E9B25E33135196AEA;staged_path=D:\AGAME1\Base Art\06_animation_sources\art07_character_candidates\tuzi\frames\06_left_walk_1.png;role=animation_source;runtime_import_status=not_ready;art_stage=ART07;copy_action=copied
CAND-STG-ART07-0151,SRC-STG-ART07-0151,pending_review,,,animation_source,,source_sha256=2731167C3DA031A924F2D1A2F99E4DFB2AF2D014F9214672678C4C6A353F50FB;staged_sha256=2731167C3DA031A924F2D1A2F99E4DFB2AF2D014F9214672678C4C6A353F50FB;staged_path=D:\AGAME1\Base Art\06_animation_sources\art07_character_candidates\tuzi\frames\07_right_walk_1.png;role=animation_source;runtime_import_status=not_ready;art_stage=ART07;copy_action=copied
CAND-STG-ART07-0152,SRC-STG-ART07-0152,pending_review,,,animation_source,,source_sha256=17CFC58F79B41840BFE8CAA8742FC0AD80EF5CC8D6E8F9802C65693A23F23F13;staged_sha256=17CFC58F79B41840BFE8CAA8742FC0AD80EF5CC8D6E8F9802C65693A23F23F13;staged_path=D:\AGAME1\Base Art\06_animation_sources\art07_character_candidates\tuzi\frames\08_front_walk_2.png;role=animation_source;runtime_import_status=not_ready;art_stage=ART07;copy_action=copied
CAND-STG-ART07-0153,SRC-STG-ART07-0153,pending_review,,,animation_source,,source_sha256=2F832C4B4DE0DF4262F82B6F5FA594837FE417B1D8CB19411E610C1B233C22AD;staged_sha256=2F832C4B4DE0DF4262F82B6F5FA594837FE417B1D8CB19411E610C1B233C22AD;staged_path=D:\AGAME1\Base Art\06_animation_sources\art07_character_candidates\tuzi\frames\09_back_walk_2.png;role=animation_source;runtime_import_status=not_ready;art_stage=ART07;copy_action=copied
CAND-STG-ART07-0154,SRC-STG-ART07-0154,pending_review,,,animation_source,,source_sha256=CDF41E9D8C417F2920EFDEC45ED8850A2310364FD5A46BD68A5F52AABBEAF35F;staged_sha256=CDF41E9D8C417F2920EFDEC45ED8850A2310364FD5A46BD68A5F52AABBEAF35F;staged_path=D:\AGAME1\Base Art\06_animation_sources\art07_character_candidates\tuzi\frames\10_left_walk_2.png;role=animation_source;runtime_import_status=not_ready;art_stage=ART07;copy_action=copied
CAND-STG-ART07-0155,SRC-STG-ART07-0155,pending_review,,,animation_source,,source_sha256=7F9BF90DF8E3A5E8BE5C592B498A4FD942A0FC0AE80F1CCC32F10FCB132F3C6F;staged_sha256=7F9BF90DF8E3A5E8BE5C592B498A4FD942A0FC0AE80F1CCC32F10FCB132F3C6F;staged_path=D:\AGAME1\Base Art\06_animation_sources\art07_character_candidates\tuzi\frames\11_right_walk_2.png;role=animation_source;runtime_import_status=not_ready;art_stage=ART07;copy_action=copied
CAND-STG-ART07-0156,SRC-STG-ART07-0156,pending_review,,,sprite_sheet_source,,source_sha256=7BE0712A8D32583A3B557E02DA9782A23352F88828C2A88FC963C5E5E1CE65BE;staged_sha256=7BE0712A8D32583A3B557E02DA9782A23352F88828C2A88FC963C5E5E1CE65BE;staged_path=D:\AGAME1\Base Art\07_sprite_sheets\art07_character_candidates\tuzi\tuzi_sheet.png;role=sprite_sheet_source;runtime_import_status=not_ready;art_stage=ART07;copy_action=copied
CAND-STG-ART07-0157,SRC-STG-ART07-0157,pending_review,,,visual_target;reference_only,,source_sha256=5B74ACCCAF1D3C7AA7325971D5C9F2F65F2CCB9E74E06E500B311DACB645A4EB;staged_sha256=5B74ACCCAF1D3C7AA7325971D5C9F2F65F2CCB9E74E06E500B311DACB645A4EB;staged_path=D:\AGAME1\Base Art\08_visual_targets\ui_mockups\6.17问题1.png;role=visual_target;reference_only;runtime_import_status=not_ready;art_stage=ART07;copy_action=copied
CAND-STG-ART07-0158,SRC-STG-ART07-0158,pending_review,,,visual_target;reference_only,,source_sha256=C50C9C9B808BFE133259FE7ABEC56661334D5C34F9CCE879322E2FC4DCE7B9E0;staged_sha256=C50C9C9B808BFE133259FE7ABEC56661334D5C34F9CCE879322E2FC4DCE7B9E0;staged_path=D:\AGAME1\Base Art\08_visual_targets\ui_mockups\6.17问题2.png;role=visual_target;reference_only;runtime_import_status=not_ready;art_stage=ART07;copy_action=copied
CAND-STG-ART07-0159,SRC-STG-ART07-0159,pending_review,,,visual_target;reference_only,,source_sha256=A969173AEFD53D498396DE663F5932B4F770FCBCE4AE06169F8CC949B9C85D3A;staged_sha256=A969173AEFD53D498396DE663F5932B4F770FCBCE4AE06169F8CC949B9C85D3A;staged_path=D:\AGAME1\Base Art\08_visual_targets\ui_mockups\6.17问题3.png;role=visual_target;reference_only;runtime_import_status=not_ready;art_stage=ART07;copy_action=copied
CAND-STG-ART07-0160,SRC-STG-ART07-0160,pending_review,,,visual_target;reference_only,,source_sha256=BA20EF90C83152B6AA12BB2367DC29D0E1CC7460AFE924BA4F85B39600C04211;staged_sha256=BA20EF90C83152B6AA12BB2367DC29D0E1CC7460AFE924BA4F85B39600C04211;staged_path=D:\AGAME1\Base Art\08_visual_targets\ui_mockups\6.17问题4.png;role=visual_target;reference_only;runtime_import_status=not_ready;art_stage=ART07;copy_action=copied
CAND-STG-ART07-0161,SRC-STG-ART07-0161,pending_review,,,visual_target;reference_only,,source_sha256=FDABA44239587B784C10278C45BEE93B01167F024C714FD956265BDE263D2F36;staged_sha256=FDABA44239587B784C10278C45BEE93B01167F024C714FD956265BDE263D2F36;staged_path=D:\AGAME1\Base Art\08_visual_targets\ui_mockups\出发探索确定.png;role=visual_target;reference_only;runtime_import_status=not_ready;art_stage=ART07;copy_action=copied
CAND-STG-ART07-0162,SRC-STG-ART07-0162,pending_review,,,visual_target;reference_only,,source_sha256=1DB793A623237CEDB1F0C9F3B3B698FFD6ACAB43CC4D9DBF181BB1B481CA1426;staged_sha256=1DB793A623237CEDB1F0C9F3B3B698FFD6ACAB43CC4D9DBF181BB1B481CA1426;staged_path=D:\AGAME1\Base Art\08_visual_targets\ui_mockups\出发探索示例.png;role=visual_target;reference_only;runtime_import_status=not_ready;art_stage=ART07;copy_action=copied
CAND-STG-ART07-0163,SRC-STG-ART07-0163,pending_review,,,visual_target;reference_only,,source_sha256=4828A818409AC8CB5EA21583514F03F365EC263A6C3CF892DB86D0C76940BA65;staged_sha256=4828A818409AC8CB5EA21583514F03F365EC263A6C3CF892DB86D0C76940BA65;staged_path=D:\AGAME1\Base Art\08_visual_targets\ui_mockups\长期系统确定.png;role=visual_target;reference_only;runtime_import_status=not_ready;art_stage=ART07;copy_action=copied
CAND-STG-ART07-0164,SRC-STG-ART07-0164,pending_review,,,visual_target;reference_only,,source_sha256=6AC929DBC2180AB825D7BB0515126CA161FB3B504811F05A646D128BA10EB77B;staged_sha256=6AC929DBC2180AB825D7BB0515126CA161FB3B504811F05A646D128BA10EB77B;staged_path=D:\AGAME1\Base Art\08_visual_targets\ui_mockups\长期系统示例.png;role=visual_target;reference_only;runtime_import_status=not_ready;art_stage=ART07;copy_action=copied
CAND-STG-ART07-0165,SRC-STG-ART07-0165,pending_review,,,visual_target;reference_only,,source_sha256=9B3B8F361388D6C773AAC18B92CDB58BF7FFC3BE454A5AD636E68FEA89228B89;staged_sha256=9B3B8F361388D6C773AAC18B92CDB58BF7FFC3BE454A5AD636E68FEA89228B89;staged_path=D:\AGAME1\Base Art\08_visual_targets\ui_mockups\主菜单确定.png;role=visual_target;reference_only;runtime_import_status=not_ready;art_stage=ART07;copy_action=copied
CAND-STG-ART07-0166,SRC-STG-ART07-0166,pending_review,,,visual_target;reference_only,,source_sha256=C189069D2D82119ACF6E9A03E6BF77AB9657018F34801F283917521F3E224A2C;staged_sha256=C189069D2D82119ACF6E9A03E6BF77AB9657018F34801F283917521F3E224A2C;staged_path=D:\AGAME1\Base Art\08_visual_targets\ui_mockups\主菜单示例.png;role=visual_target;reference_only;runtime_import_status=not_ready;art_stage=ART07;copy_action=copied
