screen,slot,asset_id,visual_key,staging_path,cut_output,runtime_asset,source_sha256,cut_sha256,status,blocked_resolution
shared,page_frame,ui.art21.shared.panel.page_frame.normal,shared.panel.page_frame.normal,sources/art/ART-21/01_staging_generated/shared/panels/ui_art21_shared_panel_page_frame_normal.png,sources/art/ART-21/03_cut_output/shared/panels/ui_art21_shared_panel_page_frame_normal.png,res://assets/ui/art21/shared/panels/ui_art21_shared_panel_page_frame_normal.png,64073B659BA8CF680DEC32F7B820C55F48FCE05FD5CC856C86A00231880A0410,64073B659BA8CF680DEC32F7B820C55F48FCE05FD5CC856C86A00231880A0410,ready_for_runtime_import,completed
shared,card_frame,ui.art21.shared.panel.card.normal,shared.panel.card.normal,sources/art/ART-21/01_staging_generated/shared/panels/ui_art21_shared_panel_card_normal.png,sources/art/ART-21/03_cut_output/shared/panels/ui_art21_shared_panel_card_normal.png,res://assets/ui/art21/shared/panels/ui_art21_shared_panel_card_normal.png,C33FEE068756233724BD51CEBF346ACA3A5FA1C864A6946A695688D49109E93F,C33FEE068756233724BD51CEBF346ACA3A5FA1C864A6946A695688D49109E93F,ready_for_runtime_import,completed
shared,slot_frame,ui.art21.shared.panel.slot.normal,shared.panel.slot.normal,sources/art/ART-21/01_staging_generated/shared/panels/ui_art21_shared_panel_slot_normal.png,sources/art/ART-21/03_cut_output/shared/panels/ui_art21_shared_panel_slot_normal.png,res://assets/ui/art21/shared/panels/ui_art21_shared_panel_slot_normal.png,170A29FFFB0261C45FE8A8BEAC0FDEF33E8C771FCCBF20E3EE965C9AF25E5D33,170A29FFFB0261C45FE8A8BEAC0FDEF33E8C771FCCBF20E3EE965C9AF25E5D33,ready_for_runtime_import,completed
shared,status_card,ui.art21.shared.panel.status_card.normal,shared.panel.status_card.normal,sources/art/ART-21/01_staging_generated/shared/panels/ui_art21_shared_panel_status_card_normal.png,sources/art/ART-21/03_cut_output/shared/panels/ui_art21_shared_panel_status_card_normal.png,res://assets/ui/art21/shared/panels/ui_art21_shared_panel_status_card_normal.png,B9B2116FE886825B9847C3A77CB902EB1D8BB62115F6E429321B646D3B687BA6,B9B2116FE886825B9847C3A77CB902EB1D8BB62115F6E429321B646D3B687BA6,ready_for_runtime_import,completed
shared,modal_frame,ui.art21.shared.panel.modal.normal,shared.panel.modal.normal,sources/art/ART-21/01_staging_generated/shared/panels/ui_art21_shared_panel_modal_normal.png,sources/art/ART-21/03_cut_output/shared/panels/ui_art21_shared_panel_modal_normal.png,res://assets/ui/art21/shared/panels/ui_art21_shared_panel_modal_normal.png,86FA60A043994FA7238FA03B0AC382525E0B6AA1F56979FFDC2D4DBA9A35D2A2,86FA60A043994FA7238FA03B0AC382525E0B6AA1F56979FFDC2D4DBA9A35D2A2,ready_for_runtime_import,completed
shared,tooltip_frame,ui.art21.shared.panel.tooltip.normal,shared.panel.tooltip.normal,sources/art/ART-21/01_staging_generated/shared/panels/ui_art21_shared_panel_tooltip_normal.png,sources/art/ART-21/03_cut_output/shared/panels/ui_art21_shared_panel_tooltip_normal.png,res://assets/ui/art21/shared/panels/ui_art21_shared_panel_tooltip_normal.png,E58A57AD7B7D8652061DA3AAE8FBEC292A31E31E122B758A056D258955976198,E58A57AD7B7D8652061DA3AAE8FBEC292A31E31E122B758A056D258955976198,ready_for_runtime_import,completed
shared,button_primary_normal,ui.art21.shared.button.primary.normal,shared.button.primary.normal,sources/art/ART-21/01_staging_generated/shared/buttons/ui_art21_shared_button_primary_normal.png,sources/art/ART-21/03_cut_output/shared/buttons/ui_art21_shared_button_primary_normal.png,res://assets/ui/art21/shared/buttons/ui_art21_shared_button_primary_normal.png,ECD027247D4B8F10627A6E8AF8750F7CD64F322457B9E9AD53A2104AF10C5DC7,ECD027247D4B8F10627A6E8AF8750F7CD64F322457B9E9AD53A2104AF10C5DC7,ready_for_runtime_import,completed
shared,button_primary_hover,ui.art21.shared.button.primary.hover,shared.button.primary.hover,sources/art/ART-21/01_staging_generated/shared/buttons/ui_art21_shared_button_primary_hover.png,sources/art/ART-21/03_cut_output/shared/buttons/ui_art21_shared_button_primary_hover.png,res://assets/ui/art21/shared/buttons/ui_art21_shared_button_primary_hover.png,E785AC0A2BEAA33A641FA8E003F43321F5D92AB1D90AA04733FCF81275173845,E785AC0A2BEAA33A641FA8E003F43321F5D92AB1D90AA04733FCF81275173845,ready_for_runtime_import,completed
shared,button_primary_pressed,ui.art21.shared.button.primary.pressed,shared.button.primary.pressed,sources/art/ART-21/01_staging_generated/shared/buttons/ui_art21_shared_button_primary_pressed.png,sources/art/ART-21/03_cut_output/shared/buttons/ui_art21_shared_button_primary_pressed.png,res://assets/ui/art21/shared/buttons/ui_art21_shared_button_primary_pressed.png,1621C865BB79B85C3CF9746694C909CAA1628651AA96F1CA32051169E10573E4,1621C865BB79B85C3CF9746694C909CAA1628651AA96F1CA32051169E10573E4,ready_for_runtime_import,completed
shared,button_primary_disabled,ui.art21.shared.button.primary.disabled,shared.button.primary.disabled,sources/art/ART-21/01_staging_generated/shared/buttons/ui_art21_shared_button_primary_disabled.png,sources/art/ART-21/03_cut_output/shared/buttons/ui_art21_shared_button_primary_disabled.png,res://assets/ui/art21/shared/buttons/ui_art21_shared_button_primary_disabled.png,DC0A238D43E8FDB6476CCB01211190829A3B14C3E950DD06DF6AFA4B22D5CF92,DC0A238D43E8FDB6476CCB01211190829A3B14C3E950DD06DF6AFA4B22D5CF92,ready_for_runtime_import,completed
shared,button_secondary_normal,ui.art21.shared.button.secondary.normal,shared.button.secondary.normal,sources/art/ART-21/01_staging_generated/shared/buttons/ui_art21_shared_button_secondary_normal.png,sources/art/ART-21/03_cut_output/shared/buttons/ui_art21_shared_button_secondary_normal.png,res://assets/ui/art21/shared/buttons/ui_art21_shared_button_secondary_normal.png,FD3CA102D24F4895853430EE7F2374D2F5155C4A40FB3EBB0F79493F7B3F1F49,FD3CA102D24F4895853430EE7F2374D2F5155C4A40FB3EBB0F79493F7B3F1F49,ready_for_runtime_import,completed
shared,button_secondary_selected,ui.art21.shared.button.secondary.selected,shared.button.secondary.selected,sources/art/ART-21/01_staging_generated/shared/buttons/ui_art21_shared_button_secondary_selected.png,sources/art/ART-21/03_cut_output/shared/buttons/ui_art21_shared_button_secondary_selected.png,res://assets/ui/art21/shared/buttons/ui_art21_shared_button_secondary_selected.png,938EB5D5BFB323117E2A5242A76D3D8623A8DFEDF83C3AB6F4580C7189EEBF2C,938EB5D5BFB323117E2A5242A76D3D8623A8DFEDF83C3AB6F4580C7189EEBF2C,ready_for_runtime_import,completed
shared,tab_normal,ui.art21.shared.tab.normal,shared.tab.normal,sources/art/ART-21/01_staging_generated/shared/buttons/ui_art21_shared_tab_normal.png,sources/art/ART-21/03_cut_output/shared/buttons/ui_art21_shared_tab_normal.png,res://assets/ui/art21/shared/buttons/ui_art21_shared_tab_normal.png,63B06815092A6E22CDD18BF4345564CA1307489E99FE03F26B996D55B39D62E1,63B06815092A6E22CDD18BF4345564CA1307489E99FE03F26B996D55B39D62E1,ready_for_runtime_import,completed
shared,tab_selected,ui.art21.shared.tab.selected,shared.tab.selected,sources/art/ART-21/01_staging_generated/shared/buttons/ui_art21_shared_tab_selected.png,sources/art/ART-21/03_cut_output/shared/buttons/ui_art21_shared_tab_selected.png,res://assets/ui/art21/shared/buttons/ui_art21_shared_tab_selected.png,3C5646B26309A545FF4293D90F7F9BA769656A2109F5EDBAFDE3D3572FEED398,3C5646B26309A545FF4293D90F7F9BA769656A2109F5EDBAFDE3D3572FEED398,ready_for_runtime_import,completed
main_menu,action_deck_frame,ui.art21.main_menu.action_deck.frame,main_menu.action_deck.frame,sources/art/ART-21/01_staging_generated/main_menu/ui_art21_main_menu_action_deck_frame.png,sources/art/ART-21/03_cut_output/main_menu/ui_art21_main_menu_action_deck_frame.png,res://assets/ui/art21/main_menu/ui_art21_main_menu_action_deck_frame.png,26E02FC232A3ACBC4DF6C401F9A841C791CF3966C8D52AD0FC949F0297009FEB,26E02FC232A3ACBC4DF6C401F9A841C791CF3966C8D52AD0FC949F0297009FEB,ready_for_runtime_import,completed
deploy_prep,left_character_frame,ui.art21.deploy.left_character_frame,deploy.left_character_frame.replaced,sources/art/ART-21/01_staging_generated/deploy/ui_art21_deploy_left_character_frame.png,sources/art/ART-21/03_cut_output/deploy/ui_art21_deploy_left_character_frame.png,res://assets/ui/art21/deploy/ui_art21_deploy_left_character_frame.png,B70AF6FF49D5CE0A665F74E41CA16D388800224409D1E5DE9A9B1AC712B67036,B70AF6FF49D5CE0A665F74E41CA16D388800224409D1E5DE9A9B1AC712B67036,ready_for_runtime_import,replaced
deploy_prep,center_route_wall,ui.art21.deploy.route_wall.frame,deploy.route_wall.frame,sources/art/ART-21/01_staging_generated/deploy/ui_art21_deploy_route_wall_frame.png,sources/art/ART-21/03_cut_output/deploy/ui_art21_deploy_route_wall_frame.png,res://assets/ui/art21/deploy/ui_art21_deploy_route_wall_frame.png,122C0B54FB80CC4FADA550C30682629316DD889B4DF334A6C655CF526555D6D0,122C0B54FB80CC4FADA550C30682629316DD889B4DF334A6C655CF526555D6D0,ready_for_runtime_import,completed
deploy_prep,right_summary_panel,ui.art21.deploy.summary_panel.frame,deploy.summary_panel.frame,sources/art/ART-21/01_staging_generated/deploy/ui_art21_deploy_summary_panel_frame.png,sources/art/ART-21/03_cut_output/deploy/ui_art21_deploy_summary_panel_frame.png,res://assets/ui/art21/deploy/ui_art21_deploy_summary_panel_frame.png,00F516980F01FC7FFC8057A70B5BE140C42A4F2D2571BDB3D892E37AF63C343E,00F516980F01FC7FFC8057A70B5BE140C42A4F2D2571BDB3D892E37AF63C343E,ready_for_runtime_import,completed
long_term,left_profile_frame,ui.art21.long_term.profile_frame,long_term.profile_frame.replaced,sources/art/ART-21/01_staging_generated/long_term/ui_art21_long_term_profile_frame.png,sources/art/ART-21/03_cut_output/long_term/ui_art21_long_term_profile_frame.png,res://assets/ui/art21/long_term/ui_art21_long_term_profile_frame.png,B70AF6FF49D5CE0A665F74E41CA16D388800224409D1E5DE9A9B1AC712B67036,B70AF6FF49D5CE0A665F74E41CA16D388800224409D1E5DE9A9B1AC712B67036,ready_for_runtime_import,replaced
long_term,collection_wall,ui.art21.long_term.collection_wall.frame,long_term.collection_wall.frame,sources/art/ART-21/01_staging_generated/long_term/ui_art21_long_term_collection_wall_frame.png,sources/art/ART-21/03_cut_output/long_term/ui_art21_long_term_collection_wall_frame.png,res://assets/ui/art21/long_term/ui_art21_long_term_collection_wall_frame.png,1A695F6D41B8132F1938082B775EB4707A34B74165DEE036B628CB20ECD2BEE2,1A695F6D41B8132F1938082B775EB4707A34B74165DEE036B628CB20ECD2BEE2,ready_for_runtime_import,completed
long_term,right_detail_panel,ui.art21.long_term.detail_panel.frame,long_term.detail_panel.frame,sources/art/ART-21/01_staging_generated/long_term/ui_art21_long_term_detail_panel_frame.png,sources/art/ART-21/03_cut_output/long_term/ui_art21_long_term_detail_panel_frame.png,res://assets/ui/art21/long_term/ui_art21_long_term_detail_panel_frame.png,B918EACFA15057A8FE974D841F2833C8DD7FC4458045FCA23F7A4C3C7A131352,B918EACFA15057A8FE974D841F2833C8DD7FC4458045FCA23F7A4C3C7A131352,ready_for_runtime_import,completed
run_hud,gameplay_viewport_background,ui.art21.run.gameplay_viewport.background,run.gameplay_viewport.background.replaced,sources/art/ART-21/01_staging_generated/run/ui_art21_run_gameplay_viewport_background.png,sources/art/ART-21/03_cut_output/run/ui_art21_run_gameplay_viewport_background.png,res://assets/ui/art21/run/ui_art21_run_gameplay_viewport_background.png,9A36BE1ADA313900C6C23C7FE389E23D594AA56F4D06239D6B8A00CF3B679C2D,9A36BE1ADA313900C6C23C7FE389E23D594AA56F4D06239D6B8A00CF3B679C2D,ready_for_runtime_import,replaced
run_hud,top_right_status_card,ui.art21.run.status_card.frame,run.status_card.frame,sources/art/ART-21/01_staging_generated/run/ui_art21_run_status_card_frame.png,sources/art/ART-21/03_cut_output/run/ui_art21_run_status_card_frame.png,res://assets/ui/art21/run/ui_art21_run_status_card_frame.png,BAB8AF9AA2C6EA87A61D6258AE69A74824507714BDE56366348A917623B4D565,BAB8AF9AA2C6EA87A61D6258AE69A74824507714BDE56366348A917623B4D565,ready_for_runtime_import,completed
run_hud,bottom_overlay,ui.art21.run.bottom_overlay.frame,run.bottom_overlay.frame,sources/art/ART-21/01_staging_generated/run/ui_art21_run_bottom_overlay_frame.png,sources/art/ART-21/03_cut_output/run/ui_art21_run_bottom_overlay_frame.png,res://assets/ui/art21/run/ui_art21_run_bottom_overlay_frame.png,5B1D0EAFCDCC3E35C273F68515BB98AA4636D6CEC56117E7BDC5686123BAABC3,5B1D0EAFCDCC3E35C273F68515BB98AA4636D6CEC56117E7BDC5686123BAABC3,ready_for_runtime_import,completed
map_overlay,cell_unknown,ui.art21.map.cell.unknown,map_overlay.cell.unknown.replaced,sources/art/ART-21/01_staging_generated/map/ui_art21_map_cell_unknown.png,sources/art/ART-21/03_cut_output/map/ui_art21_map_cell_unknown.png,res://assets/ui/art21/map/ui_art21_map_cell_unknown.png,7CE336476C038D8CACDC4791568717F603DE6AA96B99EEDB871618B551043A87,7CE336476C038D8CACDC4791568717F603DE6AA96B99EEDB871618B551043A87,ready_for_runtime_import,replaced
map_overlay,cell_explored,ui.art21.map.cell.explored,map_overlay.cell.explored.replaced,sources/art/ART-21/01_staging_generated/map/ui_art21_map_cell_explored.png,sources/art/ART-21/03_cut_output/map/ui_art21_map_cell_explored.png,res://assets/ui/art21/map/ui_art21_map_cell_explored.png,3295CAA4F282540E7F982C20D4AD048790EA3F7ACF73F83AF198C59E2CB0DA09,3295CAA4F282540E7F982C20D4AD048790EA3F7ACF73F83AF198C59E2CB0DA09,ready_for_runtime_import,replaced
map_overlay,cell_scanned,ui.art21.map.cell.scanned,map_overlay.cell.scanned.replaced,sources/art/ART-21/01_staging_generated/map/ui_art21_map_cell_scanned.png,sources/art/ART-21/03_cut_output/map/ui_art21_map_cell_scanned.png,res://assets/ui/art21/map/ui_art21_map_cell_scanned.png,19ABB50557D76B35B27F06B77088D1F8731ED3F190CF2743B30EE81999679F0E,19ABB50557D76B35B27F06B77088D1F8731ED3F190CF2743B30EE81999679F0E,ready_for_runtime_import,replaced
map_overlay,cell_flagged,ui.art21.map.cell.flagged,map_overlay.cell.flagged.replaced,sources/art/ART-21/01_staging_generated/map/ui_art21_map_cell_flagged.png,sources/art/ART-21/03_cut_output/map/ui_art21_map_cell_flagged.png,res://assets/ui/art21/map/ui_art21_map_cell_flagged.png,4171303BEA91BC0264B6E2A880D0E5B99004CF1B8B77C67DFDFEA938BD0D7DDB,4171303BEA91BC0264B6E2A880D0E5B99004CF1B8B77C67DFDFEA938BD0D7DDB,ready_for_runtime_import,replaced
map_overlay,marker_event,ui.art21.map.marker.event,map_overlay.marker.event.replaced,sources/art/ART-21/01_staging_generated/map/ui_art21_map_marker_event.png,sources/art/ART-21/03_cut_output/map/ui_art21_map_marker_event.png,res://assets/ui/art21/map/ui_art21_map_marker_event.png,81078D8D7B7A9C4139F27CCCA7A236B438A7729397E01E5F2BBCA17C80976F48,81078D8D7B7A9C4139F27CCCA7A236B438A7729397E01E5F2BBCA17C80976F48,ready_for_runtime_import,replaced
map_overlay,marker_player,ui.art21.map.marker.player,map_overlay.marker.player,sources/art/ART-21/01_staging_generated/map/ui_art21_map_marker_player.png,sources/art/ART-21/03_cut_output/map/ui_art21_map_marker_player.png,res://assets/ui/art21/map/ui_art21_map_marker_player.png,17240923B4538E407652AE1C238078D7DF6D18D90EB9197D38C1E0364B471684,17240923B4538E407652AE1C238078D7DF6D18D90EB9197D38C1E0364B471684,ready_for_runtime_import,completed
map_overlay,marker_exit,ui.art21.map.marker.exit,map_overlay.marker.exit,sources/art/ART-21/01_staging_generated/map/ui_art21_map_marker_exit.png,sources/art/ART-21/03_cut_output/map/ui_art21_map_marker_exit.png,res://assets/ui/art21/map/ui_art21_map_marker_exit.png,791A2ADCFA51BD79C9841DA2608E94E3F9644EAB1CC402D1EEBB54D0C1081AAD,791A2ADCFA51BD79C9841DA2608E94E3F9644EAB1CC402D1EEBB54D0C1081AAD,ready_for_runtime_import,completed
map_overlay,marker_mine,ui.art21.map.marker.mine,map_overlay.marker.mine,sources/art/ART-21/01_staging_generated/map/ui_art21_map_marker_mine.png,sources/art/ART-21/03_cut_output/map/ui_art21_map_marker_mine.png,res://assets/ui/art21/map/ui_art21_map_marker_mine.png,D77C9F73868BA762A6297FE2A4F59B3A81D975EE3FEB8AEFAA86FDE00DBE4ED6,D77C9F73868BA762A6297FE2A4F59B3A81D975EE3FEB8AEFAA86FDE00DBE4ED6,ready_for_runtime_import,completed
map_overlay,marker_chest,ui.art21.map.marker.chest,map_overlay.marker.chest,sources/art/ART-21/01_staging_generated/map/ui_art21_map_marker_chest.png,sources/art/ART-21/03_cut_output/map/ui_art21_map_marker_chest.png,res://assets/ui/art21/map/ui_art21_map_marker_chest.png,98D849FF9A57234B2A8D601FE9CC6C3F8344CC403F3C34A400E1884B86E2BDDD,98D849FF9A57234B2A8D601FE9CC6C3F8344CC403F3C34A400E1884B86E2BDDD,ready_for_runtime_import,completed
inventory,inventory_panel_frame,ui.art21.inventory.panel.frame,inventory.panel.frame,sources/art/ART-21/01_staging_generated/inventory/ui_art21_inventory_panel_frame.png,sources/art/ART-21/03_cut_output/inventory/ui_art21_inventory_panel_frame.png,res://assets/ui/art21/inventory/ui_art21_inventory_panel_frame.png,C747C8268405914D09E3049F67F31C23DA89BA49F6E20102119CCEFA52751199,C747C8268405914D09E3049F67F31C23DA89BA49F6E20102119CCEFA52751199,ready_for_runtime_import,completed
ground_loot,ground_loot_panel_frame,ui.art21.ground_loot.panel.frame,ground_loot.panel.frame,sources/art/ART-21/01_staging_generated/ground_loot/ui_art21_ground_loot_panel_frame.png,sources/art/ART-21/03_cut_output/ground_loot/ui_art21_ground_loot_panel_frame.png,res://assets/ui/art21/ground_loot/ui_art21_ground_loot_panel_frame.png,649751400C0E5A941BEDB3D5EB08CB5DF56376C2311285D3D301F97645579778,649751400C0E5A941BEDB3D5EB08CB5DF56376C2311285D3D301F97645579778,ready_for_runtime_import,completed
result,result_modal_frame,ui.art21.result.modal.frame,result.modal.frame,sources/art/ART-21/01_staging_generated/result/ui_art21_result_modal_frame.png,sources/art/ART-21/03_cut_output/result/ui_art21_result_modal_frame.png,res://assets/ui/art21/result/ui_art21_result_modal_frame.png,83A988F82C91C5A34093A9E76203838B334E2551A75645F01B8BD8DE376610D6,83A988F82C91C5A34093A9E76203838B334E2551A75645F01B8BD8DE376610D6,ready_for_runtime_import,completed
