asset_id,source_commit,source_path,source_sha256,source_bytes,source_origin,rights_status,runtime_path,runtime_key,consumer_scope,admission_status
audio.sfx.attack,a8ce8b1741ae1905aca30ad3dd365b5ec1663429,assets/audio/sfx/sfx_attack.wav,6B8EDA121662242DF205AE2C03A334CF1DAB607E86D6CC9231903F96386B8BD3,11510,project_programmatic_synthesis,internal_generated_no_external_material,Godot/GraytailGodot/assets/audio/sfx/sfx_attack.wav,audio.sfx.attack,player_attack,approved_for_i3r_import
audio.sfx.click,a8ce8b1741ae1905aca30ad3dd365b5ec1663429,assets/audio/sfx/sfx_click.wav,BFC47D5323DAEE0D4EBDB2AEB9330177832C12900E5F1F92911E9BECA1AD1ED7,3572,project_programmatic_synthesis,internal_generated_no_external_material,Godot/GraytailGodot/assets/audio/sfx/sfx_click.wav,audio.sfx.click,ui_confirm_or_reject,approved_for_i3r_import
audio.sfx.death,a8ce8b1741ae1905aca30ad3dd365b5ec1663429,assets/audio/sfx/sfx_death.wav,760BBF372227CCDFEF8FF2B1CD1829BD60687CCA79517F46CEBC954E6B40297A,33560,project_programmatic_synthesis,internal_generated_no_external_material,Godot/GraytailGodot/assets/audio/sfx/sfx_death.wav,audio.sfx.death,combat_death,approved_for_i3r_import
audio.sfx.explosion,a8ce8b1741ae1905aca30ad3dd365b5ec1663429,assets/audio/sfx/sfx_explosion.wav,AB94D1AA3F8B249EE1A4461A5DC1F23F7A953FB8BD10C034968C16911D863D10,52964,project_programmatic_synthesis,internal_generated_no_external_material,Godot/GraytailGodot/assets/audio/sfx/sfx_explosion.wav,audio.sfx.explosion,mine_or_explosion,approved_for_i3r_import
audio.sfx.extract,a8ce8b1741ae1905aca30ad3dd365b5ec1663429,assets/audio/sfx/sfx_extract.wav,980B2A1069C1898E4B01E2BA06556C096CDA9271E803A18B965774B0B745B084,35324,project_programmatic_synthesis,internal_generated_no_external_material,Godot/GraytailGodot/assets/audio/sfx/sfx_extract.wav,audio.sfx.extract,extraction_or_success,approved_for_i3r_import
audio.sfx.heal,a8ce8b1741ae1905aca30ad3dd365b5ec1663429,assets/audio/sfx/sfx_heal.wav,CA8B276A91719D63E4F97B55B3A9DD464A052F0C6939B9A1036D57D516AC9674,22976,project_programmatic_synthesis,internal_generated_no_external_material,Godot/GraytailGodot/assets/audio/sfx/sfx_heal.wav,audio.sfx.heal,consume_or_recovery,approved_for_i3r_import
audio.sfx.hit,a8ce8b1741ae1905aca30ad3dd365b5ec1663429,assets/audio/sfx/sfx_hit.wav,CB5A91804A62BC1A009A789A86A0D2709AEF6DDEDC55B473812422BB75D778E4,10628,project_programmatic_synthesis,internal_generated_no_external_material,Godot/GraytailGodot/assets/audio/sfx/sfx_hit.wav,audio.sfx.hit,player_hit_confirm,approved_for_i3r_import
audio.sfx.hurt,a8ce8b1741ae1905aca30ad3dd365b5ec1663429,assets/audio/sfx/sfx_hurt.wav,578307366E387B0C3C8E9A7879B33B855F9F296BBC9F7C6BF75FB1787473EE36,15920,project_programmatic_synthesis,internal_generated_no_external_material,Godot/GraytailGodot/assets/audio/sfx/sfx_hurt.wav,audio.sfx.hurt,player_damage,approved_for_i3r_import
audio.sfx.pickup,a8ce8b1741ae1905aca30ad3dd365b5ec1663429,assets/audio/sfx/sfx_pickup.wav,8D50DDB22BDBBFCACAAF84BE5F44A010227D328A79331E4A7E49DF75AE12B249,10628,project_programmatic_synthesis,internal_generated_no_external_material,Godot/GraytailGodot/assets/audio/sfx/sfx_pickup.wav,audio.sfx.pickup,search_reveal_or_pickup,approved_for_i3r_import
