asset_id,source_repo_path,godot_path,type,category,usage,import_preset,license_status,replacement_needed,linked_scene,linked_data,note,theme_key,presentation_role,state,variant,source_status
ui.art21.shared.panel.page_frame.normal,sources/art/ART-21/03_cut_output/shared/panels/ui_art21_shared_panel_page_frame_normal.png,res://assets/ui/art21/shared/panels/ui_art21_shared_panel_page_frame_normal.png,texture,ui_panel,ART21 reusable page frame,pixel_ui,internal_generated,false,Art10UISkinKit,shared.panel.page_frame.normal,ART21 generated component; source_sha256=64073B659BA8CF680DEC32F7B820C55F48FCE05FD5CC856C86A00231880A0410; cut_sha256=64073B659BA8CF680DEC32F7B820C55F48FCE05FD5CC856C86A00231880A0410; visual_key=shared.panel.page_frame.normal,art21.shared.panel.page_frame.normal,art21_panel,normal,art21,art21_generated_contract_component
ui.art21.shared.panel.card.normal,sources/art/ART-21/03_cut_output/shared/panels/ui_art21_shared_panel_card_normal.png,res://assets/ui/art21/shared/panels/ui_art21_shared_panel_card_normal.png,texture,ui_panel,ART21 reusable card frame,pixel_ui,internal_generated,false,Art10UISkinKit,shared.panel.card.normal,ART21 generated component; source_sha256=C33FEE068756233724BD51CEBF346ACA3A5FA1C864A6946A695688D49109E93F; cut_sha256=C33FEE068756233724BD51CEBF346ACA3A5FA1C864A6946A695688D49109E93F; visual_key=shared.panel.card.normal,art21.shared.panel.card.normal,art21_panel,normal,art21,art21_generated_contract_component
ui.art21.shared.panel.slot.normal,sources/art/ART-21/03_cut_output/shared/panels/ui_art21_shared_panel_slot_normal.png,res://assets/ui/art21/shared/panels/ui_art21_shared_panel_slot_normal.png,texture,ui_panel,ART21 reusable slot frame,pixel_ui,internal_generated,false,Art10UISkinKit,shared.panel.slot.normal,ART21 generated component; source_sha256=170A29FFFB0261C45FE8A8BEAC0FDEF33E8C771FCCBF20E3EE965C9AF25E5D33; cut_sha256=170A29FFFB0261C45FE8A8BEAC0FDEF33E8C771FCCBF20E3EE965C9AF25E5D33; visual_key=shared.panel.slot.normal,art21.shared.panel.slot.normal,art21_slot,normal,art21,art21_generated_contract_component
ui.art21.shared.panel.status_card.normal,sources/art/ART-21/03_cut_output/shared/panels/ui_art21_shared_panel_status_card_normal.png,res://assets/ui/art21/shared/panels/ui_art21_shared_panel_status_card_normal.png,texture,ui_panel,ART21 reusable status card,pixel_ui,internal_generated,false,Art10UISkinKit,shared.panel.status_card.normal,ART21 generated component; source_sha256=B9B2116FE886825B9847C3A77CB902EB1D8BB62115F6E429321B646D3B687BA6; cut_sha256=B9B2116FE886825B9847C3A77CB902EB1D8BB62115F6E429321B646D3B687BA6; visual_key=shared.panel.status_card.normal,art21.shared.panel.status_card.normal,art21_panel,normal,art21,art21_generated_contract_component
ui.art21.shared.panel.modal.normal,sources/art/ART-21/03_cut_output/shared/panels/ui_art21_shared_panel_modal_normal.png,res://assets/ui/art21/shared/panels/ui_art21_shared_panel_modal_normal.png,texture,ui_panel,ART21 reusable modal frame,pixel_ui,internal_generated,false,InventoryPanel/GroundLootPanel/ResultPanel,shared.panel.modal.normal,ART21 generated component; source_sha256=86FA60A043994FA7238FA03B0AC382525E0B6AA1F56979FFDC2D4DBA9A35D2A2; cut_sha256=86FA60A043994FA7238FA03B0AC382525E0B6AA1F56979FFDC2D4DBA9A35D2A2; visual_key=shared.panel.modal.normal,art21.shared.panel.modal.normal,art21_modal,normal,art21,art21_generated_contract_component
ui.art21.shared.panel.tooltip.normal,sources/art/ART-21/03_cut_output/shared/panels/ui_art21_shared_panel_tooltip_normal.png,res://assets/ui/art21/shared/panels/ui_art21_shared_panel_tooltip_normal.png,texture,ui_panel,ART21 reusable tooltip frame,pixel_ui,internal_generated,false,RunSurface,shared.panel.tooltip.normal,ART21 generated component; source_sha256=E58A57AD7B7D8652061DA3AAE8FBEC292A31E31E122B758A056D258955976198; cut_sha256=E58A57AD7B7D8652061DA3AAE8FBEC292A31E31E122B758A056D258955976198; visual_key=shared.panel.tooltip.normal,art21.shared.panel.tooltip.normal,art21_tooltip,normal,art21,art21_generated_contract_component
ui.art21.shared.button.primary.normal,sources/art/ART-21/03_cut_output/shared/buttons/ui_art21_shared_button_primary_normal.png,res://assets/ui/art21/shared/buttons/ui_art21_shared_button_primary_normal.png,texture,ui_panel,ART21 primary button normal,pixel_ui,internal_generated,false,Art10UISkinKit,shared.button.primary.normal,ART21 generated component; source_sha256=ECD027247D4B8F10627A6E8AF8750F7CD64F322457B9E9AD53A2104AF10C5DC7; cut_sha256=ECD027247D4B8F10627A6E8AF8750F7CD64F322457B9E9AD53A2104AF10C5DC7; visual_key=shared.button.primary.normal,art21.shared.button.primary.normal,art21_button,normal,art21,art21_generated_contract_component
ui.art21.shared.button.primary.hover,sources/art/ART-21/03_cut_output/shared/buttons/ui_art21_shared_button_primary_hover.png,res://assets/ui/art21/shared/buttons/ui_art21_shared_button_primary_hover.png,texture,ui_panel,ART21 primary button hover,pixel_ui,internal_generated,false,Art10UISkinKit,shared.button.primary.hover,ART21 generated component; source_sha256=E785AC0A2BEAA33A641FA8E003F43321F5D92AB1D90AA04733FCF81275173845; cut_sha256=E785AC0A2BEAA33A641FA8E003F43321F5D92AB1D90AA04733FCF81275173845; visual_key=shared.button.primary.hover,art21.shared.button.primary.hover,art21_button,hover,art21,art21_generated_contract_component
ui.art21.shared.button.primary.pressed,sources/art/ART-21/03_cut_output/shared/buttons/ui_art21_shared_button_primary_pressed.png,res://assets/ui/art21/shared/buttons/ui_art21_shared_button_primary_pressed.png,texture,ui_panel,ART21 primary button pressed,pixel_ui,internal_generated,false,Art10UISkinKit,shared.button.primary.pressed,ART21 generated component; source_sha256=1621C865BB79B85C3CF9746694C909CAA1628651AA96F1CA32051169E10573E4; cut_sha256=1621C865BB79B85C3CF9746694C909CAA1628651AA96F1CA32051169E10573E4; visual_key=shared.button.primary.pressed,art21.shared.button.primary.pressed,art21_button,pressed,art21,art21_generated_contract_component
ui.art21.shared.button.primary.disabled,sources/art/ART-21/03_cut_output/shared/buttons/ui_art21_shared_button_primary_disabled.png,res://assets/ui/art21/shared/buttons/ui_art21_shared_button_primary_disabled.png,texture,ui_panel,ART21 primary button disabled,pixel_ui,internal_generated,false,Art10UISkinKit,shared.button.primary.disabled,ART21 generated component; source_sha256=DC0A238D43E8FDB6476CCB01211190829A3B14C3E950DD06DF6AFA4B22D5CF92; cut_sha256=DC0A238D43E8FDB6476CCB01211190829A3B14C3E950DD06DF6AFA4B22D5CF92; visual_key=shared.button.primary.disabled,art21.shared.button.primary.disabled,art21_button,disabled,art21,art21_generated_contract_component
ui.art21.shared.button.secondary.normal,sources/art/ART-21/03_cut_output/shared/buttons/ui_art21_shared_button_secondary_normal.png,res://assets/ui/art21/shared/buttons/ui_art21_shared_button_secondary_normal.png,texture,ui_panel,ART21 secondary button normal,pixel_ui,internal_generated,false,Art10UISkinKit,shared.button.secondary.normal,ART21 generated component; source_sha256=FD3CA102D24F4895853430EE7F2374D2F5155C4A40FB3EBB0F79493F7B3F1F49; cut_sha256=FD3CA102D24F4895853430EE7F2374D2F5155C4A40FB3EBB0F79493F7B3F1F49; visual_key=shared.button.secondary.normal,art21.shared.button.secondary.normal,art21_button,normal,art21,art21_generated_contract_component
ui.art21.shared.button.secondary.selected,sources/art/ART-21/03_cut_output/shared/buttons/ui_art21_shared_button_secondary_selected.png,res://assets/ui/art21/shared/buttons/ui_art21_shared_button_secondary_selected.png,texture,ui_panel,ART21 secondary button selected,pixel_ui,internal_generated,false,Art10UISkinKit,shared.button.secondary.selected,ART21 generated component; source_sha256=938EB5D5BFB323117E2A5242A76D3D8623A8DFEDF83C3AB6F4580C7189EEBF2C; cut_sha256=938EB5D5BFB323117E2A5242A76D3D8623A8DFEDF83C3AB6F4580C7189EEBF2C; visual_key=shared.button.secondary.selected,art21.shared.button.secondary.selected,art21_button,selected,art21,art21_generated_contract_component
ui.art21.shared.tab.normal,sources/art/ART-21/03_cut_output/shared/buttons/ui_art21_shared_tab_normal.png,res://assets/ui/art21/shared/buttons/ui_art21_shared_tab_normal.png,texture,ui_panel,ART21 tab normal,pixel_ui,internal_generated,false,Art10UISkinKit,shared.tab.normal,ART21 generated component; source_sha256=63B06815092A6E22CDD18BF4345564CA1307489E99FE03F26B996D55B39D62E1; cut_sha256=63B06815092A6E22CDD18BF4345564CA1307489E99FE03F26B996D55B39D62E1; visual_key=shared.tab.normal,art21.shared.tab.normal,art21_tab,normal,art21,art21_generated_contract_component
ui.art21.shared.tab.selected,sources/art/ART-21/03_cut_output/shared/buttons/ui_art21_shared_tab_selected.png,res://assets/ui/art21/shared/buttons/ui_art21_shared_tab_selected.png,texture,ui_panel,ART21 tab selected,pixel_ui,internal_generated,false,Art10UISkinKit,shared.tab.selected,ART21 generated component; source_sha256=3C5646B26309A545FF4293D90F7F9BA769656A2109F5EDBAFDE3D3572FEED398; cut_sha256=3C5646B26309A545FF4293D90F7F9BA769656A2109F5EDBAFDE3D3572FEED398; visual_key=shared.tab.selected,art21.shared.tab.selected,art21_tab,selected,art21,art21_generated_contract_component
ui.art21.main_menu.action_deck.frame,sources/art/ART-21/03_cut_output/main_menu/ui_art21_main_menu_action_deck_frame.png,res://assets/ui/art21/main_menu/ui_art21_main_menu_action_deck_frame.png,texture,ui_panel,ART21 main menu action deck frame,pixel_ui,internal_generated,false,main_menu_shell.gd,main_menu.action_deck.frame,ART21 generated component; source_sha256=26E02FC232A3ACBC4DF6C401F9A841C791CF3966C8D52AD0FC949F0297009FEB; cut_sha256=26E02FC232A3ACBC4DF6C401F9A841C791CF3966C8D52AD0FC949F0297009FEB; visual_key=main_menu.action_deck.frame,art21.main_menu.action_deck.frame,main_menu_action_deck,normal,art21,art21_generated_contract_component
ui.art21.deploy.left_character_frame,sources/art/ART-21/03_cut_output/deploy/ui_art21_deploy_left_character_frame.png,res://assets/ui/art21/deploy/ui_art21_deploy_left_character_frame.png,texture,ui_panel,ART21 deploy left character frame,pixel_ui,internal_generated,false,deploy_prep_shell.gd,deploy.left_character_frame.replaced,ART21 generated component; source_sha256=B70AF6FF49D5CE0A665F74E41CA16D388800224409D1E5DE9A9B1AC712B67036; cut_sha256=B70AF6FF49D5CE0A665F74E41CA16D388800224409D1E5DE9A9B1AC712B67036; visual_key=deploy.left_character_frame.replaced,art21.deploy.left_character_frame.replaced,deploy_character_frame,normal,art21,art21_generated_contract_component
ui.art21.deploy.route_wall.frame,sources/art/ART-21/03_cut_output/deploy/ui_art21_deploy_route_wall_frame.png,res://assets/ui/art21/deploy/ui_art21_deploy_route_wall_frame.png,texture,ui_panel,ART21 deploy route wall,pixel_ui,internal_generated,false,deploy_prep_shell.gd,deploy.route_wall.frame,ART21 generated component; source_sha256=122C0B54FB80CC4FADA550C30682629316DD889B4DF334A6C655CF526555D6D0; cut_sha256=122C0B54FB80CC4FADA550C30682629316DD889B4DF334A6C655CF526555D6D0; visual_key=deploy.route_wall.frame,art21.deploy.route_wall.frame,deploy_route_wall,normal,art21,art21_generated_contract_component
ui.art21.deploy.summary_panel.frame,sources/art/ART-21/03_cut_output/deploy/ui_art21_deploy_summary_panel_frame.png,res://assets/ui/art21/deploy/ui_art21_deploy_summary_panel_frame.png,texture,ui_panel,ART21 deploy summary panel,pixel_ui,internal_generated,false,deploy_prep_shell.gd,deploy.summary_panel.frame,ART21 generated component; source_sha256=00F516980F01FC7FFC8057A70B5BE140C42A4F2D2571BDB3D892E37AF63C343E; cut_sha256=00F516980F01FC7FFC8057A70B5BE140C42A4F2D2571BDB3D892E37AF63C343E; visual_key=deploy.summary_panel.frame,art21.deploy.summary_panel.frame,deploy_summary_panel,normal,art21,art21_generated_contract_component
ui.art21.long_term.profile_frame,sources/art/ART-21/03_cut_output/long_term/ui_art21_long_term_profile_frame.png,res://assets/ui/art21/long_term/ui_art21_long_term_profile_frame.png,texture,ui_panel,ART21 long term left profile frame,pixel_ui,internal_generated,false,long_term_shell.gd,long_term.profile_frame.replaced,ART21 generated component; source_sha256=B70AF6FF49D5CE0A665F74E41CA16D388800224409D1E5DE9A9B1AC712B67036; cut_sha256=B70AF6FF49D5CE0A665F74E41CA16D388800224409D1E5DE9A9B1AC712B67036; visual_key=long_term.profile_frame.replaced,art21.long_term.profile_frame.replaced,longterm_profile_frame,normal,art21,art21_generated_contract_component
ui.art21.long_term.collection_wall.frame,sources/art/ART-21/03_cut_output/long_term/ui_art21_long_term_collection_wall_frame.png,res://assets/ui/art21/long_term/ui_art21_long_term_collection_wall_frame.png,texture,ui_panel,ART21 long term collection wall,pixel_ui,internal_generated,false,long_term_shell.gd,long_term.collection_wall.frame,ART21 generated component; source_sha256=1A695F6D41B8132F1938082B775EB4707A34B74165DEE036B628CB20ECD2BEE2; cut_sha256=1A695F6D41B8132F1938082B775EB4707A34B74165DEE036B628CB20ECD2BEE2; visual_key=long_term.collection_wall.frame,art21.long_term.collection_wall.frame,longterm_collection_wall,normal,art21,art21_generated_contract_component
ui.art21.long_term.detail_panel.frame,sources/art/ART-21/03_cut_output/long_term/ui_art21_long_term_detail_panel_frame.png,res://assets/ui/art21/long_term/ui_art21_long_term_detail_panel_frame.png,texture,ui_panel,ART21 long term detail panel,pixel_ui,internal_generated,false,long_term_shell.gd,long_term.detail_panel.frame,ART21 generated component; source_sha256=B918EACFA15057A8FE974D841F2833C8DD7FC4458045FCA23F7A4C3C7A131352; cut_sha256=B918EACFA15057A8FE974D841F2833C8DD7FC4458045FCA23F7A4C3C7A131352; visual_key=long_term.detail_panel.frame,art21.long_term.detail_panel.frame,longterm_detail_panel,normal,art21,art21_generated_contract_component
ui.art21.run.gameplay_viewport.background,sources/art/ART-21/03_cut_output/run/ui_art21_run_gameplay_viewport_background.png,res://assets/ui/art21/run/ui_art21_run_gameplay_viewport_background.png,texture,ui_panel,ART21 run gameplay viewport background,pixel_ui,internal_generated,false,run_surface.gd,run.gameplay_viewport.background.replaced,ART21 generated component; source_sha256=9A36BE1ADA313900C6C23C7FE389E23D594AA56F4D06239D6B8A00CF3B679C2D; cut_sha256=9A36BE1ADA313900C6C23C7FE389E23D594AA56F4D06239D6B8A00CF3B679C2D; visual_key=run.gameplay_viewport.background.replaced,art21.run.gameplay_viewport.background.replaced,run_gameplay_background,normal,art21,art21_generated_contract_component
ui.art21.run.status_card.frame,sources/art/ART-21/03_cut_output/run/ui_art21_run_status_card_frame.png,res://assets/ui/art21/run/ui_art21_run_status_card_frame.png,texture,ui_panel,ART21 run status card frame,pixel_ui,internal_generated,false,run_surface.gd,run.status_card.frame,ART21 generated component; source_sha256=BAB8AF9AA2C6EA87A61D6258AE69A74824507714BDE56366348A917623B4D565; cut_sha256=BAB8AF9AA2C6EA87A61D6258AE69A74824507714BDE56366348A917623B4D565; visual_key=run.status_card.frame,art21.run.status_card.frame,run_status_card,normal,art21,art21_generated_contract_component
ui.art21.run.bottom_overlay.frame,sources/art/ART-21/03_cut_output/run/ui_art21_run_bottom_overlay_frame.png,res://assets/ui/art21/run/ui_art21_run_bottom_overlay_frame.png,texture,ui_panel,ART21 run bottom action overlay,pixel_ui,internal_generated,false,run_surface.gd,run.bottom_overlay.frame,ART21 generated component; source_sha256=5B1D0EAFCDCC3E35C273F68515BB98AA4636D6CEC56117E7BDC5686123BAABC3; cut_sha256=5B1D0EAFCDCC3E35C273F68515BB98AA4636D6CEC56117E7BDC5686123BAABC3; visual_key=run.bottom_overlay.frame,art21.run.bottom_overlay.frame,run_bottom_overlay,normal,art21,art21_generated_contract_component
ui.art21.map.cell.unknown,sources/art/ART-21/03_cut_output/map/ui_art21_map_cell_unknown.png,res://assets/ui/art21/map/ui_art21_map_cell_unknown.png,texture,ui_icon,ART21 map unknown cell,pixel_ui,internal_generated,false,map_overlay_panel.gd,map_overlay.cell.unknown.replaced,ART21 generated component; source_sha256=7CE336476C038D8CACDC4791568717F603DE6AA96B99EEDB871618B551043A87; cut_sha256=7CE336476C038D8CACDC4791568717F603DE6AA96B99EEDB871618B551043A87; visual_key=map_overlay.cell.unknown.replaced,art21.map_overlay.cell.unknown.replaced,map_overlay_cell,unknown,art21,art21_generated_contract_component
ui.art21.map.cell.explored,sources/art/ART-21/03_cut_output/map/ui_art21_map_cell_explored.png,res://assets/ui/art21/map/ui_art21_map_cell_explored.png,texture,ui_icon,ART21 map explored cell,pixel_ui,internal_generated,false,map_overlay_panel.gd,map_overlay.cell.explored.replaced,ART21 generated component; source_sha256=3295CAA4F282540E7F982C20D4AD048790EA3F7ACF73F83AF198C59E2CB0DA09; cut_sha256=3295CAA4F282540E7F982C20D4AD048790EA3F7ACF73F83AF198C59E2CB0DA09; visual_key=map_overlay.cell.explored.replaced,art21.map_overlay.cell.explored.replaced,map_overlay_cell,explored,art21,art21_generated_contract_component
ui.art21.map.cell.scanned,sources/art/ART-21/03_cut_output/map/ui_art21_map_cell_scanned.png,res://assets/ui/art21/map/ui_art21_map_cell_scanned.png,texture,ui_icon,ART21 map scanned cell,pixel_ui,internal_generated,false,map_overlay_panel.gd,map_overlay.cell.scanned.replaced,ART21 generated component; source_sha256=19ABB50557D76B35B27F06B77088D1F8731ED3F190CF2743B30EE81999679F0E; cut_sha256=19ABB50557D76B35B27F06B77088D1F8731ED3F190CF2743B30EE81999679F0E; visual_key=map_overlay.cell.scanned.replaced,art21.map_overlay.cell.scanned.replaced,map_overlay_cell,scanned,art21,art21_generated_contract_component
ui.art21.map.cell.flagged,sources/art/ART-21/03_cut_output/map/ui_art21_map_cell_flagged.png,res://assets/ui/art21/map/ui_art21_map_cell_flagged.png,texture,ui_icon,ART21 map flagged cell,pixel_ui,internal_generated,false,map_overlay_panel.gd,map_overlay.cell.flagged.replaced,ART21 generated component; source_sha256=4171303BEA91BC0264B6E2A880D0E5B99004CF1B8B77C67DFDFEA938BD0D7DDB; cut_sha256=4171303BEA91BC0264B6E2A880D0E5B99004CF1B8B77C67DFDFEA938BD0D7DDB; visual_key=map_overlay.cell.flagged.replaced,art21.map_overlay.cell.flagged.replaced,map_overlay_cell,flagged,art21,art21_generated_contract_component
ui.art21.map.marker.event,sources/art/ART-21/03_cut_output/map/ui_art21_map_marker_event.png,res://assets/ui/art21/map/ui_art21_map_marker_event.png,texture,ui_icon,ART21 map event marker,pixel_ui,internal_generated,false,map_overlay_panel.gd,map_overlay.marker.event.replaced,ART21 generated component; source_sha256=81078D8D7B7A9C4139F27CCCA7A236B438A7729397E01E5F2BBCA17C80976F48; cut_sha256=81078D8D7B7A9C4139F27CCCA7A236B438A7729397E01E5F2BBCA17C80976F48; visual_key=map_overlay.marker.event.replaced,art21.map_overlay.marker.event.replaced,map_overlay_marker,event,art21,art21_generated_contract_component
ui.art21.map.marker.player,sources/art/ART-21/03_cut_output/map/ui_art21_map_marker_player.png,res://assets/ui/art21/map/ui_art21_map_marker_player.png,texture,ui_icon,ART21 map player marker,pixel_ui,internal_generated,false,map_overlay_panel.gd,map_overlay.marker.player,ART21 generated component; source_sha256=17240923B4538E407652AE1C238078D7DF6D18D90EB9197D38C1E0364B471684; cut_sha256=17240923B4538E407652AE1C238078D7DF6D18D90EB9197D38C1E0364B471684; visual_key=map_overlay.marker.player,art21.map_overlay.marker.player,map_overlay_marker,player,art21,art21_generated_contract_component
ui.art21.map.marker.exit,sources/art/ART-21/03_cut_output/map/ui_art21_map_marker_exit.png,res://assets/ui/art21/map/ui_art21_map_marker_exit.png,texture,ui_icon,ART21 map exit marker,pixel_ui,internal_generated,false,map_overlay_panel.gd,map_overlay.marker.exit,ART21 generated component; source_sha256=791A2ADCFA51BD79C9841DA2608E94E3F9644EAB1CC402D1EEBB54D0C1081AAD; cut_sha256=791A2ADCFA51BD79C9841DA2608E94E3F9644EAB1CC402D1EEBB54D0C1081AAD; visual_key=map_overlay.marker.exit,art21.map_overlay.marker.exit,map_overlay_marker,exit,art21,art21_generated_contract_component
ui.art21.map.marker.mine,sources/art/ART-21/03_cut_output/map/ui_art21_map_marker_mine.png,res://assets/ui/art21/map/ui_art21_map_marker_mine.png,texture,ui_icon,ART21 map mine marker,pixel_ui,internal_generated,false,map_overlay_panel.gd,map_overlay.marker.mine,ART21 generated component; source_sha256=D77C9F73868BA762A6297FE2A4F59B3A81D975EE3FEB8AEFAA86FDE00DBE4ED6; cut_sha256=D77C9F73868BA762A6297FE2A4F59B3A81D975EE3FEB8AEFAA86FDE00DBE4ED6; visual_key=map_overlay.marker.mine,art21.map_overlay.marker.mine,map_overlay_marker,mine,art21,art21_generated_contract_component
ui.art21.map.marker.chest,sources/art/ART-21/03_cut_output/map/ui_art21_map_marker_chest.png,res://assets/ui/art21/map/ui_art21_map_marker_chest.png,texture,ui_icon,ART21 map chest marker,pixel_ui,internal_generated,false,map_overlay_panel.gd,map_overlay.marker.chest,ART21 generated component; source_sha256=98D849FF9A57234B2A8D601FE9CC6C3F8344CC403F3C34A400E1884B86E2BDDD; cut_sha256=98D849FF9A57234B2A8D601FE9CC6C3F8344CC403F3C34A400E1884B86E2BDDD; visual_key=map_overlay.marker.chest,art21.map_overlay.marker.chest,map_overlay_marker,chest,art21,art21_generated_contract_component
ui.art21.inventory.panel.frame,sources/art/ART-21/03_cut_output/inventory/ui_art21_inventory_panel_frame.png,res://assets/ui/art21/inventory/ui_art21_inventory_panel_frame.png,texture,ui_panel,ART21 inventory overlay frame,pixel_ui,internal_generated,false,inventory_panel.gd,inventory.panel.frame,ART21 generated component; source_sha256=C747C8268405914D09E3049F67F31C23DA89BA49F6E20102119CCEFA52751199; cut_sha256=C747C8268405914D09E3049F67F31C23DA89BA49F6E20102119CCEFA52751199; visual_key=inventory.panel.frame,art21.inventory.panel.frame,inventory_panel,normal,art21,art21_generated_contract_component
ui.art21.ground_loot.panel.frame,sources/art/ART-21/03_cut_output/ground_loot/ui_art21_ground_loot_panel_frame.png,res://assets/ui/art21/ground_loot/ui_art21_ground_loot_panel_frame.png,texture,ui_panel,ART21 ground loot overlay frame,pixel_ui,internal_generated,false,ground_loot_panel.gd,ground_loot.panel.frame,ART21 generated component; source_sha256=649751400C0E5A941BEDB3D5EB08CB5DF56376C2311285D3D301F97645579778; cut_sha256=649751400C0E5A941BEDB3D5EB08CB5DF56376C2311285D3D301F97645579778; visual_key=ground_loot.panel.frame,art21.ground_loot.panel.frame,ground_loot_panel,normal,art21,art21_generated_contract_component
ui.art21.result.modal.frame,sources/art/ART-21/03_cut_output/result/ui_art21_result_modal_frame.png,res://assets/ui/art21/result/ui_art21_result_modal_frame.png,texture,ui_panel,ART21 result modal frame,pixel_ui,internal_generated,false,result_panel.gd,result.modal.frame,ART21 generated component; source_sha256=83A988F82C91C5A34093A9E76203838B334E2551A75645F01B8BD8DE376610D6; cut_sha256=83A988F82C91C5A34093A9E76203838B334E2551A75645F01B8BD8DE376610D6; visual_key=result.modal.frame,art21.result.modal.frame,result_modal,normal,art21,art21_generated_contract_component
