export_id,candidate_id,export_path,target_runtime_role,target_size,transparent_background,animation_frames,proposed_asset_id,manifest_status,notes
EXP-STG-ART07-0002,CAND-STG-ART07-0002,D:\AGAME1\Base Art\05_export_runtime_candidates\art07_first_batch\map_icon\map_icon_chest.png,runtime_candidate,pending_spec,pending_verification,pending_verification,pending_intended_asset_id,not_ready,source_sha256=98C44F105FDD348CA0042E5A3ED58B518F817B764A5ACCD98B81AA57AA29E391;staged_sha256=98C44F105FDD348CA0042E5A3ED58B518F817B764A5ACCD98B81AA57AA29E391;staged_path=D:\AGAME1\Base Art\05_export_runtime_candidates\art07_first_batch\map_icon\map_icon_chest.png;role=runtime_candidate;runtime_import_status=not_ready;art_stage=ART07;copy_action=copied
EXP-STG-ART07-0004,CAND-STG-ART07-0004,D:\AGAME1\Base Art\05_export_runtime_candidates\art07_first_batch\map_icon\map_icon_event.png,runtime_candidate,pending_spec,pending_verification,pending_verification,pending_intended_asset_id,not_ready,source_sha256=3DB476901205887CC3025E52B91C9599404D60C2E19E140F5FC87F6AFFE2F80C;staged_sha256=3DB476901205887CC3025E52B91C9599404D60C2E19E140F5FC87F6AFFE2F80C;staged_path=D:\AGAME1\Base Art\05_export_runtime_candidates\art07_first_batch\map_icon\map_icon_event.png;role=runtime_candidate;runtime_import_status=not_ready;art_stage=ART07;copy_action=copied
EXP-STG-ART07-0006,CAND-STG-ART07-0006,D:\AGAME1\Base Art\05_export_runtime_candidates\art07_first_batch\map_icon\map_icon_exit.png,runtime_candidate,pending_spec,pending_verification,pending_verification,pending_intended_asset_id,not_ready,source_sha256=17AAA6F9A694B27CB8962AAC8339C6558D1B7D1F455E1872567FA24283A0851B;staged_sha256=17AAA6F9A694B27CB8962AAC8339C6558D1B7D1F455E1872567FA24283A0851B;staged_path=D:\AGAME1\Base Art\05_export_runtime_candidates\art07_first_batch\map_icon\map_icon_exit.png;role=runtime_candidate;runtime_import_status=not_ready;art_stage=ART07;copy_action=copied
EXP-STG-ART07-0008,CAND-STG-ART07-0008,D:\AGAME1\Base Art\05_export_runtime_candidates\art07_first_batch\map_icon\map_icon_marker_flag.png,runtime_candidate,pending_spec,pending_verification,pending_verification,pending_intended_asset_id,not_ready,source_sha256=EE5C05ED66F66173A241B5CFC470458AE0C983265CEE2E9C2445CDE83AD84A25;staged_sha256=EE5C05ED66F66173A241B5CFC470458AE0C983265CEE2E9C2445CDE83AD84A25;staged_path=D:\AGAME1\Base Art\05_export_runtime_candidates\art07_first_batch\map_icon\map_icon_marker_flag.png;role=runtime_candidate;runtime_import_status=not_ready;art_stage=ART07;copy_action=copied
EXP-STG-ART07-0010,CAND-STG-ART07-0010,D:\AGAME1\Base Art\05_export_runtime_candidates\art07_first_batch\map_icon\map_icon_mine.png,runtime_candidate,pending_spec,pending_verification,pending_verification,pending_intended_asset_id,not_ready,source_sha256=E569A257B1F77436468466A15D66856BA01477B7A90EDA433942B4B536354BBC;staged_sha256=E569A257B1F77436468466A15D66856BA01477B7A90EDA433942B4B536354BBC;staged_path=D:\AGAME1\Base Art\05_export_runtime_candidates\art07_first_batch\map_icon\map_icon_mine.png;role=runtime_candidate;runtime_import_status=not_ready;art_stage=ART07;copy_action=copied
EXP-STG-ART07-0012,CAND-STG-ART07-0012,D:\AGAME1\Base Art\05_export_runtime_candidates\art07_first_batch\map_icon\map_icon_monster.png,runtime_candidate,pending_spec,pending_verification,pending_verification,pending_intended_asset_id,not_ready,source_sha256=D3612A9B24102986B2E9A52E2F9929F9D854EEE95DC0F0D50DB9864093B4F165;staged_sha256=D3612A9B24102986B2E9A52E2F9929F9D854EEE95DC0F0D50DB9864093B4F165;staged_path=D:\AGAME1\Base Art\05_export_runtime_candidates\art07_first_batch\map_icon\map_icon_monster.png;role=runtime_candidate;runtime_import_status=not_ready;art_stage=ART07;copy_action=copied
EXP-STG-ART07-0014,CAND-STG-ART07-0014,D:\AGAME1\Base Art\05_export_runtime_candidates\art07_first_batch\map_tile_icon\map_tile_explored.png,runtime_candidate,pending_spec,pending_verification,pending_verification,pending_intended_asset_id,not_ready,source_sha256=00276660501B46B6C4C099D994F3D9A74904C76A33EF99E92209713DECDF22CA;staged_sha256=00276660501B46B6C4C099D994F3D9A74904C76A33EF99E92209713DECDF22CA;staged_path=D:\AGAME1\Base Art\05_export_runtime_candidates\art07_first_batch\map_tile_icon\map_tile_explored.png;role=runtime_candidate;runtime_import_status=not_ready;art_stage=ART07;copy_action=copied
EXP-STG-ART07-0016,CAND-STG-ART07-0016,D:\AGAME1\Base Art\05_export_runtime_candidates\art07_first_batch\map_tile_icon\map_tile_scanned.png,runtime_candidate,pending_spec,pending_verification,pending_verification,pending_intended_asset_id,not_ready,source_sha256=C77D134EB35289CED75E0F14FB997C7005A1ADF005DA75E6E141A68C39937F79;staged_sha256=C77D134EB35289CED75E0F14FB997C7005A1ADF005DA75E6E141A68C39937F79;staged_path=D:\AGAME1\Base Art\05_export_runtime_candidates\art07_first_batch\map_tile_icon\map_tile_scanned.png;role=runtime_candidate;runtime_import_status=not_ready;art_stage=ART07;copy_action=copied
EXP-STG-ART07-0018,CAND-STG-ART07-0018,D:\AGAME1\Base Art\05_export_runtime_candidates\art07_first_batch\map_tile_icon\map_tile_unknown.png,runtime_candidate,pending_spec,pending_verification,pending_verification,pending_intended_asset_id,not_ready,source_sha256=B937168633B65D1B74F83CEDF9FC0F6EB859939D3A5AB4FD6762D5501A96EBED;staged_sha256=B937168633B65D1B74F83CEDF9FC0F6EB859939D3A5AB4FD6762D5501A96EBED;staged_path=D:\AGAME1\Base Art\05_export_runtime_candidates\art07_first_batch\map_tile_icon\map_tile_unknown.png;role=runtime_candidate;runtime_import_status=not_ready;art_stage=ART07;copy_action=copied
EXP-STG-ART07-0020,CAND-STG-ART07-0020,D:\AGAME1\Base Art\05_export_runtime_candidates\art07_first_batch\ui_key_prompt\ui_key_e.png,runtime_candidate,pending_spec,pending_verification,pending_verification,pending_intended_asset_id,not_ready,source_sha256=819C31BC1070AC5C9832EEA32605584BC6D835ED952A40371AEC308F2379455A;staged_sha256=819C31BC1070AC5C9832EEA32605584BC6D835ED952A40371AEC308F2379455A;staged_path=D:\AGAME1\Base Art\05_export_runtime_candidates\art07_first_batch\ui_key_prompt\ui_key_e.png;role=runtime_candidate;runtime_import_status=not_ready;art_stage=ART07;copy_action=copied
EXP-STG-ART07-0022,CAND-STG-ART07-0022,D:\AGAME1\Base Art\05_export_runtime_candidates\art07_first_batch\ui_key_prompt\ui_key_esc.png,runtime_candidate,pending_spec,pending_verification,pending_verification,pending_intended_asset_id,not_ready,source_sha256=9A9A580FE1A1FB7268A905FA1E04B12576048D1D963CBB02F097E41B821E4EAB;staged_sha256=9A9A580FE1A1FB7268A905FA1E04B12576048D1D963CBB02F097E41B821E4EAB;staged_path=D:\AGAME1\Base Art\05_export_runtime_candidates\art07_first_batch\ui_key_prompt\ui_key_esc.png;role=runtime_candidate;runtime_import_status=not_ready;art_stage=ART07;copy_action=copied
EXP-STG-ART07-0024,CAND-STG-ART07-0024,D:\AGAME1\Base Art\05_export_runtime_candidates\art07_first_batch\ui_key_prompt\ui_key_f.png,runtime_candidate,pending_spec,pending_verification,pending_verification,pending_intended_asset_id,not_ready,source_sha256=EC188529DC43CB042E9EAFF489FBDFDD4B300B046B066FC666D2C4878DF98D87;staged_sha256=EC188529DC43CB042E9EAFF489FBDFDD4B300B046B066FC666D2C4878DF98D87;staged_path=D:\AGAME1\Base Art\05_export_runtime_candidates\art07_first_batch\ui_key_prompt\ui_key_f.png;role=runtime_candidate;runtime_import_status=not_ready;art_stage=ART07;copy_action=copied
EXP-STG-ART07-0026,CAND-STG-ART07-0026,D:\AGAME1\Base Art\05_export_runtime_candidates\art07_first_batch\ui_key_prompt\ui_key_m.png,runtime_candidate,pending_spec,pending_verification,pending_verification,pending_intended_asset_id,not_ready,source_sha256=18E737B8021ED01216132B95494A0CB7D83D71D006CC3C87AA83B103140F1FCD;staged_sha256=18E737B8021ED01216132B95494A0CB7D83D71D006CC3C87AA83B103140F1FCD;staged_path=D:\AGAME1\Base Art\05_export_runtime_candidates\art07_first_batch\ui_key_prompt\ui_key_m.png;role=runtime_candidate;runtime_import_status=not_ready;art_stage=ART07;copy_action=copied
EXP-STG-ART07-0028,CAND-STG-ART07-0028,D:\AGAME1\Base Art\05_export_runtime_candidates\art07_first_batch\ui_key_prompt\ui_key_q.png,runtime_candidate,pending_spec,pending_verification,pending_verification,pending_intended_asset_id,not_ready,source_sha256=099706289B700AEBAF7B6B679E26B2D7D8414FD624B2C7673378629582A79682;staged_sha256=099706289B700AEBAF7B6B679E26B2D7D8414FD624B2C7673378629582A79682;staged_path=D:\AGAME1\Base Art\05_export_runtime_candidates\art07_first_batch\ui_key_prompt\ui_key_q.png;role=runtime_candidate;runtime_import_status=not_ready;art_stage=ART07;copy_action=copied
EXP-STG-ART07-0030,CAND-STG-ART07-0030,D:\AGAME1\Base Art\05_export_runtime_candidates\art07_first_batch\ui_key_prompt\ui_key_t.png,runtime_candidate,pending_spec,pending_verification,pending_verification,pending_intended_asset_id,not_ready,source_sha256=49AC601D40A4E14B5F76E5906F573C444C0A6D36EACA013B60B1B74C81DD3D47;staged_sha256=49AC601D40A4E14B5F76E5906F573C444C0A6D36EACA013B60B1B74C81DD3D47;staged_path=D:\AGAME1\Base Art\05_export_runtime_candidates\art07_first_batch\ui_key_prompt\ui_key_t.png;role=runtime_candidate;runtime_import_status=not_ready;art_stage=ART07;copy_action=copied
EXP-STG-ART07-0032,CAND-STG-ART07-0032,D:\AGAME1\Base Art\05_export_runtime_candidates\art07_first_batch\item_consumable\item_consumable_medkit.png,runtime_candidate,pending_spec,pending_verification,pending_verification,pending_intended_asset_id,not_ready,source_sha256=EC58BAE34F8CBD3612E8B9DC2326285126BA1CC34BD20246CF1BB78AC7AABB90;staged_sha256=EC58BAE34F8CBD3612E8B9DC2326285126BA1CC34BD20246CF1BB78AC7AABB90;staged_path=D:\AGAME1\Base Art\05_export_runtime_candidates\art07_first_batch\item_consumable\item_consumable_medkit.png;role=runtime_candidate;runtime_import_status=not_ready;art_stage=ART07;copy_action=copied
EXP-STG-ART07-0034,CAND-STG-ART07-0034,D:\AGAME1\Base Art\05_export_runtime_candidates\art07_first_batch\item_consumable\item_consumable_syringe.png,runtime_candidate,pending_spec,pending_verification,pending_verification,pending_intended_asset_id,not_ready,source_sha256=1D103D257DFA58ADF097BE31493DC94906836857DF6431B6D42065EA61FCDB45;staged_sha256=1D103D257DFA58ADF097BE31493DC94906836857DF6431B6D42065EA61FCDB45;staged_path=D:\AGAME1\Base Art\05_export_runtime_candidates\art07_first_batch\item_consumable\item_consumable_syringe.png;role=runtime_candidate;runtime_import_status=not_ready;art_stage=ART07;copy_action=copied
EXP-STG-ART07-0036,CAND-STG-ART07-0036,D:\AGAME1\Base Art\05_export_runtime_candidates\art07_first_batch\item_equipment\item_equipment_flashlight.png,runtime_candidate,pending_spec,pending_verification,pending_verification,pending_intended_asset_id,not_ready,source_sha256=339826ACF7CEB1736B2A3D4B172022B0CD1ACE084AC49FEAA2DF65D5793C4A35;staged_sha256=339826ACF7CEB1736B2A3D4B172022B0CD1ACE084AC49FEAA2DF65D5793C4A35;staged_path=D:\AGAME1\Base Art\05_export_runtime_candidates\art07_first_batch\item_equipment\item_equipment_flashlight.png;role=runtime_candidate;runtime_import_status=not_ready;art_stage=ART07;copy_action=copied
EXP-STG-ART07-0038,CAND-STG-ART07-0038,D:\AGAME1\Base Art\05_export_runtime_candidates\art07_first_batch\item_equipment\item_equipment_goggles.png,runtime_candidate,pending_spec,pending_verification,pending_verification,pending_intended_asset_id,not_ready,source_sha256=24462587E2902253A8383BE61EDFA1EC3118A0FE4F1610840FD165309B80A335;staged_sha256=24462587E2902253A8383BE61EDFA1EC3118A0FE4F1610840FD165309B80A335;staged_path=D:\AGAME1\Base Art\05_export_runtime_candidates\art07_first_batch\item_equipment\item_equipment_goggles.png;role=runtime_candidate;runtime_import_status=not_ready;art_stage=ART07;copy_action=copied
EXP-STG-ART07-0040,CAND-STG-ART07-0040,D:\AGAME1\Base Art\05_export_runtime_candidates\art07_first_batch\item_recovered\item_recovered_ore.png,runtime_candidate,pending_spec,pending_verification,pending_verification,pending_intended_asset_id,not_ready,source_sha256=78860D8DC692B4D2A4F6B1F985AF885F34B478B315B121C849EA5BDACD85D574;staged_sha256=78860D8DC692B4D2A4F6B1F985AF885F34B478B315B121C849EA5BDACD85D574;staged_path=D:\AGAME1\Base Art\05_export_runtime_candidates\art07_first_batch\item_recovered\item_recovered_ore.png;role=runtime_candidate;runtime_import_status=not_ready;art_stage=ART07;copy_action=copied
EXP-STG-ART07-0042,CAND-STG-ART07-0042,D:\AGAME1\Base Art\05_export_runtime_candidates\art07_first_batch\ui_button_blank\ui_button_blank_dark.png,runtime_candidate,pending_spec,pending_verification,pending_verification,pending_intended_asset_id,not_ready,source_sha256=99DCED078AC8D2DBE127689D8005715F2878185B14884355BCBC4F471FD06A1C;staged_sha256=99DCED078AC8D2DBE127689D8005715F2878185B14884355BCBC4F471FD06A1C;staged_path=D:\AGAME1\Base Art\05_export_runtime_candidates\art07_first_batch\ui_button_blank\ui_button_blank_dark.png;role=runtime_candidate;runtime_import_status=not_ready;art_stage=ART07;copy_action=copied
EXP-STG-ART07-0044,CAND-STG-ART07-0044,D:\AGAME1\Base Art\05_export_runtime_candidates\art07_first_batch\ui_deploy_button\ui_button_back_main.png,runtime_candidate,pending_spec,pending_verification,pending_verification,pending_intended_asset_id,not_ready,source_sha256=5426CBCF75284BDE97B98A0E1677C9E78F349DCC6C78224F8E6441343BD0A3E2;staged_sha256=5426CBCF75284BDE97B98A0E1677C9E78F349DCC6C78224F8E6441343BD0A3E2;staged_path=D:\AGAME1\Base Art\05_export_runtime_candidates\art07_first_batch\ui_deploy_button\ui_button_back_main.png;role=runtime_candidate;runtime_import_status=not_ready;art_stage=ART07;copy_action=copied
EXP-STG-ART07-0046,CAND-STG-ART07-0046,D:\AGAME1\Base Art\05_export_runtime_candidates\art07_first_batch\ui_deploy_button\ui_button_confirm_deploy_large.png,runtime_candidate,pending_spec,pending_verification,pending_verification,pending_intended_asset_id,not_ready,source_sha256=E245F3D25671EAB9C11A437933FB7C8A8D79F5F2129962273AEDBB6A3E2D7873;staged_sha256=E245F3D25671EAB9C11A437933FB7C8A8D79F5F2129962273AEDBB6A3E2D7873;staged_path=D:\AGAME1\Base Art\05_export_runtime_candidates\art07_first_batch\ui_deploy_button\ui_button_confirm_deploy_large.png;role=runtime_candidate;runtime_import_status=not_ready;art_stage=ART07;copy_action=copied
EXP-STG-ART07-0048,CAND-STG-ART07-0048,D:\AGAME1\Base Art\05_export_runtime_candidates\art07_first_batch\ui_deploy_button\ui_button_nav_loadout.png,runtime_candidate,pending_spec,pending_verification,pending_verification,pending_intended_asset_id,not_ready,source_sha256=55B1B40BBC90B97A1C8FD6F0DAB23476EBCDB0E741748844A8D63F1670E0B74B;staged_sha256=55B1B40BBC90B97A1C8FD6F0DAB23476EBCDB0E741748844A8D63F1670E0B74B;staged_path=D:\AGAME1\Base Art\05_export_runtime_candidates\art07_first_batch\ui_deploy_button\ui_button_nav_loadout.png;role=runtime_candidate;runtime_import_status=not_ready;art_stage=ART07;copy_action=copied
EXP-STG-ART07-0050,CAND-STG-ART07-0050,D:\AGAME1\Base Art\05_export_runtime_candidates\art07_first_batch\ui_deploy_button\ui_button_nav_recovery.png,runtime_candidate,pending_spec,pending_verification,pending_verification,pending_intended_asset_id,not_ready,source_sha256=578B1A0498EB34C117F45D78DE7A47DBFA604D2705B953E46940F4317302F02A;staged_sha256=578B1A0498EB34C117F45D78DE7A47DBFA604D2705B953E46940F4317302F02A;staged_path=D:\AGAME1\Base Art\05_export_runtime_candidates\art07_first_batch\ui_deploy_button\ui_button_nav_recovery.png;role=runtime_candidate;runtime_import_status=not_ready;art_stage=ART07;copy_action=copied
EXP-STG-ART07-0052,CAND-STG-ART07-0052,D:\AGAME1\Base Art\05_export_runtime_candidates\art07_first_batch\ui_deploy_button\ui_button_nav_requisition.png,runtime_candidate,pending_spec,pending_verification,pending_verification,pending_intended_asset_id,not_ready,source_sha256=7C55CD1AE2789842C4D079A7B618E84A165AD72267612A3B8642037B3C1A4C8B;staged_sha256=7C55CD1AE2789842C4D079A7B618E84A165AD72267612A3B8642037B3C1A4C8B;staged_path=D:\AGAME1\Base Art\05_export_runtime_candidates\art07_first_batch\ui_deploy_button\ui_button_nav_requisition.png;role=runtime_candidate;runtime_import_status=not_ready;art_stage=ART07;copy_action=copied
EXP-STG-ART07-0054,CAND-STG-ART07-0054,D:\AGAME1\Base Art\05_export_runtime_candidates\art07_first_batch\ui_deploy_button\ui_button_nav_talent_selected.png,runtime_candidate,pending_spec,pending_verification,pending_verification,pending_intended_asset_id,not_ready,source_sha256=E051CF0398847504F69B14E18C65430F81CD9FA50DF712352E85BA169D25BBA0;staged_sha256=E051CF0398847504F69B14E18C65430F81CD9FA50DF712352E85BA169D25BBA0;staged_path=D:\AGAME1\Base Art\05_export_runtime_candidates\art07_first_batch\ui_deploy_button\ui_button_nav_talent_selected.png;role=runtime_candidate;runtime_import_status=not_ready;art_stage=ART07;copy_action=copied
EXP-STG-ART07-0056,CAND-STG-ART07-0056,D:\AGAME1\Base Art\05_export_runtime_candidates\art07_first_batch\ui_deploy_button\ui_button_nav_warehouse.png,runtime_candidate,pending_spec,pending_verification,pending_verification,pending_intended_asset_id,not_ready,source_sha256=28EAA56504E1F7EA3136BE8AD7478357E03C4E6C28AEB27D67C011CCE416951E;staged_sha256=28EAA56504E1F7EA3136BE8AD7478357E03C4E6C28AEB27D67C011CCE416951E;staged_path=D:\AGAME1\Base Art\05_export_runtime_candidates\art07_first_batch\ui_deploy_button\ui_button_nav_warehouse.png;role=runtime_candidate;runtime_import_status=not_ready;art_stage=ART07;copy_action=copied
EXP-STG-ART07-0058,CAND-STG-ART07-0058,D:\AGAME1\Base Art\05_export_runtime_candidates\art07_first_batch\ui_deploy_button\ui_key_or_arrow_small_button.png,runtime_candidate,pending_spec,pending_verification,pending_verification,pending_intended_asset_id,not_ready,source_sha256=8A70EF18582AA3D98BD6CA8E32D3790F2F169EA3F0EE43ACACC23F5A89471497;staged_sha256=8A70EF18582AA3D98BD6CA8E32D3790F2F169EA3F0EE43ACACC23F5A89471497;staged_path=D:\AGAME1\Base Art\05_export_runtime_candidates\art07_first_batch\ui_deploy_button\ui_key_or_arrow_small_button.png;role=runtime_candidate;runtime_import_status=not_ready;art_stage=ART07;copy_action=copied
EXP-STG-ART07-0060,CAND-STG-ART07-0060,D:\AGAME1\Base Art\05_export_runtime_candidates\art07_first_batch\ui_deploy_icon\ui_icon_armor.png,runtime_candidate,pending_spec,pending_verification,pending_verification,pending_intended_asset_id,not_ready,source_sha256=29F71E2E65B31F0D3C1F0B6775482351C4837148E4D1773FAC4CB35127DC58F4;staged_sha256=29F71E2E65B31F0D3C1F0B6775482351C4837148E4D1773FAC4CB35127DC58F4;staged_path=D:\AGAME1\Base Art\05_export_runtime_candidates\art07_first_batch\ui_deploy_icon\ui_icon_armor.png;role=runtime_candidate;runtime_import_status=not_ready;art_stage=ART07;copy_action=copied
EXP-STG-ART07-0062,CAND-STG-ART07-0062,D:\AGAME1\Base Art\05_export_runtime_candidates\art07_first_batch\ui_deploy_icon\ui_icon_backpack.png,runtime_candidate,pending_spec,pending_verification,pending_verification,pending_intended_asset_id,not_ready,source_sha256=B247A2ABA7509D1797376B95136A2D7155D13CC8470EE7233ACF450EFA5A7413;staged_sha256=B247A2ABA7509D1797376B95136A2D7155D13CC8470EE7233ACF450EFA5A7413;staged_path=D:\AGAME1\Base Art\05_export_runtime_candidates\art07_first_batch\ui_deploy_icon\ui_icon_backpack.png;role=runtime_candidate;runtime_import_status=not_ready;art_stage=ART07;copy_action=copied
EXP-STG-ART07-0064,CAND-STG-ART07-0064,D:\AGAME1\Base Art\05_export_runtime_candidates\art07_first_batch\ui_deploy_icon\ui_icon_bandage.png,runtime_candidate,pending_spec,pending_verification,pending_verification,pending_intended_asset_id,not_ready,source_sha256=8E5B26EB543E59A1B7D09BCDCC74803D1674BA4D3487C7FB10EE131FA5C18FE9;staged_sha256=8E5B26EB543E59A1B7D09BCDCC74803D1674BA4D3487C7FB10EE131FA5C18FE9;staged_path=D:\AGAME1\Base Art\05_export_runtime_candidates\art07_first_batch\ui_deploy_icon\ui_icon_bandage.png;role=runtime_candidate;runtime_import_status=not_ready;art_stage=ART07;copy_action=copied
EXP-STG-ART07-0066,CAND-STG-ART07-0066,D:\AGAME1\Base Art\05_export_runtime_candidates\art07_first_batch\ui_deploy_icon\ui_icon_compass.png,runtime_candidate,pending_spec,pending_verification,pending_verification,pending_intended_asset_id,not_ready,source_sha256=016D4065BFBE7CA6406816F6BBA786C31F9D8CC2EACDD637A5257B822582E285;staged_sha256=016D4065BFBE7CA6406816F6BBA786C31F9D8CC2EACDD637A5257B822582E285;staged_path=D:\AGAME1\Base Art\05_export_runtime_candidates\art07_first_batch\ui_deploy_icon\ui_icon_compass.png;role=runtime_candidate;runtime_import_status=not_ready;art_stage=ART07;copy_action=copied
EXP-STG-ART07-0068,CAND-STG-ART07-0068,D:\AGAME1\Base Art\05_export_runtime_candidates\art07_first_batch\ui_deploy_panel\ui_frame_highlight.png,runtime_candidate,pending_spec,pending_verification,pending_verification,pending_intended_asset_id,not_ready,source_sha256=6A7B4D2BBC7A87236B11F52BEAA8568477428D86A288D987949EC11F1B5DD95D;staged_sha256=6A7B4D2BBC7A87236B11F52BEAA8568477428D86A288D987949EC11F1B5DD95D;staged_path=D:\AGAME1\Base Art\05_export_runtime_candidates\art07_first_batch\ui_deploy_panel\ui_frame_highlight.png;role=runtime_candidate;runtime_import_status=not_ready;art_stage=ART07;copy_action=copied
EXP-STG-ART07-0070,CAND-STG-ART07-0070,D:\AGAME1\Base Art\05_export_runtime_candidates\art07_first_batch\ui_deploy_panel\ui_panel_deploy_main_blank.png,runtime_candidate,pending_spec,pending_verification,pending_verification,pending_intended_asset_id,not_ready,source_sha256=222F475C981FA20063686E3BA1C203A46E04B9B2DBE6C6CDD1C4B5827E9EF525;staged_sha256=222F475C981FA20063686E3BA1C203A46E04B9B2DBE6C6CDD1C4B5827E9EF525;staged_path=D:\AGAME1\Base Art\05_export_runtime_candidates\art07_first_batch\ui_deploy_panel\ui_panel_deploy_main_blank.png;role=runtime_candidate;runtime_import_status=not_ready;art_stage=ART07;copy_action=copied
EXP-STG-ART07-0072,CAND-STG-ART07-0072,D:\AGAME1\Base Art\05_export_runtime_candidates\art07_first_batch\ui_deploy_panel\ui_panel_deploy_summary_blank.png,runtime_candidate,pending_spec,pending_verification,pending_verification,pending_intended_asset_id,not_ready,source_sha256=6893538A28D34001C2FFBF52DE811139936CAD2F24954A0588238A67DAEDFE75;staged_sha256=6893538A28D34001C2FFBF52DE811139936CAD2F24954A0588238A67DAEDFE75;staged_path=D:\AGAME1\Base Art\05_export_runtime_candidates\art07_first_batch\ui_deploy_panel\ui_panel_deploy_summary_blank.png;role=runtime_candidate;runtime_import_status=not_ready;art_stage=ART07;copy_action=copied
EXP-STG-ART07-0074,CAND-STG-ART07-0074,D:\AGAME1\Base Art\05_export_runtime_candidates\art07_first_batch\ui_panel\ui_panel_terminal_main.png,runtime_candidate,pending_spec,pending_verification,pending_verification,pending_intended_asset_id,not_ready,source_sha256=4BB57AC94C797BE82FD9B03B1EB708D87E3FE6CD014AF898A059486DCA6EACBC;staged_sha256=4BB57AC94C797BE82FD9B03B1EB708D87E3FE6CD014AF898A059486DCA6EACBC;staged_path=D:\AGAME1\Base Art\05_export_runtime_candidates\art07_first_batch\ui_panel\ui_panel_terminal_main.png;role=runtime_candidate;runtime_import_status=not_ready;art_stage=ART07;copy_action=copied
EXP-STG-ART07-0076,CAND-STG-ART07-0076,D:\AGAME1\Base Art\05_export_runtime_candidates\art07_first_batch\ui\icons\jinbi_icon.png,runtime_candidate,pending_spec,pending_verification,pending_verification,pending_intended_asset_id,not_ready,source_sha256=E6ED6B95506EF88CB28E54E4256737D5BEC22396F1B47B9863029E145962D08E;staged_sha256=E6ED6B95506EF88CB28E54E4256737D5BEC22396F1B47B9863029E145962D08E;staged_path=D:\AGAME1\Base Art\05_export_runtime_candidates\art07_first_batch\ui\icons\jinbi_icon.png;role=runtime_candidate;runtime_import_status=not_ready;art_stage=ART07;copy_action=copied
EXP-STG-ART07-0078,CAND-STG-ART07-0078,D:\AGAME1\Base Art\05_export_runtime_candidates\art07_first_batch\ui\icons\xuetiao_tianchong.png,runtime_candidate,pending_spec,pending_verification,pending_verification,pending_intended_asset_id,not_ready,source_sha256=2B1F1E10F40A7E125C8A056C9F03CA089CC7666587A6B803FA9354E9336AB3E8;staged_sha256=2B1F1E10F40A7E125C8A056C9F03CA089CC7666587A6B803FA9354E9336AB3E8;staged_path=D:\AGAME1\Base Art\05_export_runtime_candidates\art07_first_batch\ui\icons\xuetiao_tianchong.png;role=runtime_candidate;runtime_import_status=not_ready;art_stage=ART07;copy_action=copied
EXP-STG-ART07-0080,CAND-STG-ART07-0080,D:\AGAME1\Base Art\05_export_runtime_candidates\art07_first_batch\props\00_baoxiang_kai.png,runtime_candidate,pending_spec,pending_verification,pending_verification,pending_intended_asset_id,not_ready,source_sha256=3A4D3445312B5611B7F9FA9066FBE7FB666C48A074579BE7D303003CC9C0180A;staged_sha256=3A4D3445312B5611B7F9FA9066FBE7FB666C48A074579BE7D303003CC9C0180A;staged_path=D:\AGAME1\Base Art\05_export_runtime_candidates\art07_first_batch\props\00_baoxiang_kai.png;role=runtime_candidate;runtime_import_status=not_ready;art_stage=ART07;copy_action=copied
EXP-STG-ART07-0082,CAND-STG-ART07-0082,D:\AGAME1\Base Art\05_export_runtime_candidates\art07_first_batch\props\01_cheli_zhuangzhi_an.png,runtime_candidate,pending_spec,pending_verification,pending_verification,pending_intended_asset_id,not_ready,source_sha256=FCE7959AE7A20F51707DC29AA16BD35448C26B1E11BE16A4B966E90B2E018F2A;staged_sha256=FCE7959AE7A20F51707DC29AA16BD35448C26B1E11BE16A4B966E90B2E018F2A;staged_path=D:\AGAME1\Base Art\05_export_runtime_candidates\art07_first_batch\props\01_cheli_zhuangzhi_an.png;role=runtime_candidate;runtime_import_status=not_ready;art_stage=ART07;copy_action=copied
EXP-STG-ART07-0084,CAND-STG-ART07-0084,D:\AGAME1\Base Art\05_export_runtime_candidates\art07_first_batch\props\02_cheli_zhuangzhi_liang.png,runtime_candidate,pending_spec,pending_verification,pending_verification,pending_intended_asset_id,not_ready,source_sha256=50B4239F76BF654686972C1D6D238F8481B29F7EAA6E0A99E3EBF1E1949146B2;staged_sha256=50B4239F76BF654686972C1D6D238F8481B29F7EAA6E0A99E3EBF1E1949146B2;staged_path=D:\AGAME1\Base Art\05_export_runtime_candidates\art07_first_batch\props\02_cheli_zhuangzhi_liang.png;role=runtime_candidate;runtime_import_status=not_ready;art_stage=ART07;copy_action=copied
EXP-STG-ART07-0086,CAND-STG-ART07-0086,D:\AGAME1\Base Art\05_export_runtime_candidates\art07_first_batch\props\03_baoxiang_guan.png,runtime_candidate,pending_spec,pending_verification,pending_verification,pending_intended_asset_id,not_ready,source_sha256=541F72BFA7337FF4B8B23819C5A0188CB59881DAC1FA78307A532DBE66A0DDEE;staged_sha256=541F72BFA7337FF4B8B23819C5A0188CB59881DAC1FA78307A532DBE66A0DDEE;staged_path=D:\AGAME1\Base Art\05_export_runtime_candidates\art07_first_batch\props\03_baoxiang_guan.png;role=runtime_candidate;runtime_import_status=not_ready;art_stage=ART07;copy_action=copied
EXP-STG-ART07-0088,CAND-STG-ART07-0088,D:\AGAME1\Base Art\05_export_runtime_candidates\art07_first_batch\props\04_shangren_tai.png,runtime_candidate,pending_spec,pending_verification,pending_verification,pending_intended_asset_id,not_ready,source_sha256=56C00AFD49CA374A53C9DC81A7E81883BD97CB0A995747C0108FD45D9B86C07F;staged_sha256=56C00AFD49CA374A53C9DC81A7E81883BD97CB0A995747C0108FD45D9B86C07F;staged_path=D:\AGAME1\Base Art\05_export_runtime_candidates\art07_first_batch\props\04_shangren_tai.png;role=runtime_candidate;runtime_import_status=not_ready;art_stage=ART07;copy_action=copied
EXP-STG-ART07-0090,CAND-STG-ART07-0090,D:\AGAME1\Base Art\05_export_runtime_candidates\art07_first_batch\props\05_yichang_hexin.png,runtime_candidate,pending_spec,pending_verification,pending_verification,pending_intended_asset_id,not_ready,source_sha256=1AF589B83403E204126CA1F7402158ACC183FB47CEC733B5FE75285505092908;staged_sha256=1AF589B83403E204126CA1F7402158ACC183FB47CEC733B5FE75285505092908;staged_path=D:\AGAME1\Base Art\05_export_runtime_candidates\art07_first_batch\props\05_yichang_hexin.png;role=runtime_candidate;runtime_import_status=not_ready;art_stage=ART07;copy_action=copied
EXP-STG-ART07-0092,CAND-STG-ART07-0092,D:\AGAME1\Base Art\05_export_runtime_candidates\art07_first_batch\props\06_dici_xianjing.png,runtime_candidate,pending_spec,pending_verification,pending_verification,pending_intended_asset_id,not_ready,source_sha256=F2866600D71DE3658A955CD45002893F48087ECC23D5F4B970419C270D6E6DA5;staged_sha256=F2866600D71DE3658A955CD45002893F48087ECC23D5F4B970419C270D6E6DA5;staged_path=D:\AGAME1\Base Art\05_export_runtime_candidates\art07_first_batch\props\06_dici_xianjing.png;role=runtime_candidate;runtime_import_status=not_ready;art_stage=ART07;copy_action=copied
EXP-STG-ART07-0094,CAND-STG-ART07-0094,D:\AGAME1\Base Art\05_export_runtime_candidates\art07_first_batch\props\07_lingjian_dui.png,runtime_candidate,pending_spec,pending_verification,pending_verification,pending_intended_asset_id,not_ready,source_sha256=609C73CDDC5300809CF78E8E341DF5F077916CC8983BC0847FBFC9006AB9B6A6;staged_sha256=609C73CDDC5300809CF78E8E341DF5F077916CC8983BC0847FBFC9006AB9B6A6;staged_path=D:\AGAME1\Base Art\05_export_runtime_candidates\art07_first_batch\props\07_lingjian_dui.png;role=runtime_candidate;runtime_import_status=not_ready;art_stage=ART07;copy_action=copied
EXP-STG-ART07-0096,CAND-STG-ART07-0096,D:\AGAME1\Base Art\05_export_runtime_candidates\art07_first_batch\props\08_saomiaoyi.png,runtime_candidate,pending_spec,pending_verification,pending_verification,pending_intended_asset_id,not_ready,source_sha256=CFA8A370608EFB8C9BCCB747F143D06C45ECF19BC67AFB5A76E2F303047F3810;staged_sha256=CFA8A370608EFB8C9BCCB747F143D06C45ECF19BC67AFB5A76E2F303047F3810;staged_path=D:\AGAME1\Base Art\05_export_runtime_candidates\art07_first_batch\props\08_saomiaoyi.png;role=runtime_candidate;runtime_import_status=not_ready;art_stage=ART07;copy_action=copied
EXP-STG-ART07-0098,CAND-STG-ART07-0098,D:\AGAME1\Base Art\05_export_runtime_candidates\art07_first_batch\props\09_jinbi_dui.png,runtime_candidate,pending_spec,pending_verification,pending_verification,pending_intended_asset_id,not_ready,source_sha256=57645A3955E0C3478C7135ADBE1D69209A0FF854F2C213B9B91485D1C2782E16;staged_sha256=57645A3955E0C3478C7135ADBE1D69209A0FF854F2C213B9B91485D1C2782E16;staged_path=D:\AGAME1\Base Art\05_export_runtime_candidates\art07_first_batch\props\09_jinbi_dui.png;role=runtime_candidate;runtime_import_status=not_ready;art_stage=ART07;copy_action=copied
EXP-STG-ART07-0100,CAND-STG-ART07-0100,D:\AGAME1\Base Art\05_export_runtime_candidates\art07_first_batch\props\10_yiliaobao.png,runtime_candidate,pending_spec,pending_verification,pending_verification,pending_intended_asset_id,not_ready,source_sha256=7CF0D291EAA59A94FCA3B321443B98D281FBDB33A1302C8B75E3AD0606F08D63;staged_sha256=7CF0D291EAA59A94FCA3B321443B98D281FBDB33A1302C8B75E3AD0606F08D63;staged_path=D:\AGAME1\Base Art\05_export_runtime_candidates\art07_first_batch\props\10_yiliaobao.png;role=runtime_candidate;runtime_import_status=not_ready;art_stage=ART07;copy_action=copied
EXP-STG-ART07-0102,CAND-STG-ART07-0102,D:\AGAME1\Base Art\05_export_runtime_candidates\art07_first_batch\props\11_wuzi_xiang.png,runtime_candidate,pending_spec,pending_verification,pending_verification,pending_intended_asset_id,not_ready,source_sha256=6D2CF9DC683B69DF9CB9F428A764CB47F966987DFF426C27F8E8AAD72886BDDC;staged_sha256=6D2CF9DC683B69DF9CB9F428A764CB47F966987DFF426C27F8E8AAD72886BDDC;staged_path=D:\AGAME1\Base Art\05_export_runtime_candidates\art07_first_batch\props\11_wuzi_xiang.png;role=runtime_candidate;runtime_import_status=not_ready;art_stage=ART07;copy_action=copied
EXP-STG-ART07-0104,CAND-STG-ART07-0104,D:\AGAME1\Base Art\05_export_runtime_candidates\art07_first_batch\main_menu\main_menu_bg_no_text.png,runtime_candidate,pending_spec,pending_verification,pending_verification,pending_intended_asset_id,not_ready,source_sha256=AC521358BBEFB53300C41E9B562D0610C707948DE891650B34CD037D572E4313;staged_sha256=AC521358BBEFB53300C41E9B562D0610C707948DE891650B34CD037D572E4313;staged_path=D:\AGAME1\Base Art\05_export_runtime_candidates\art07_first_batch\main_menu\main_menu_bg_no_text.png;role=runtime_candidate;runtime_import_status=not_ready;art_stage=ART07;copy_action=copied
